SurfaceCell,XBin,YBin,XIndex,YIndex,Count,MeanSignedReturn,MedianSignedReturn,TStat,PositiveRowFraction,WeeklyPositiveFraction,WeeklyMedianOfMeans,NeighborCount,NeighborMeanOfMeans,NeighborWeightedMean,NeighborMedianOfMeans,NeighborPositiveMeanFraction,NeighborMeanTStat,NeighborMeanHitRate,IsolationPenalty,CoherenceScore
XQ3|YQ1,XQ3,YQ1,3,1,73.0,10.743150684931509,0.5,2.257463023600308,0.5068493150684932,1.0,8.476851851851851,4,0.44565973000014936,0.4412280701754385,0.5333066394874781,0.75,0.33175182009802634,0.477452287083912,10.209844045444031,15.024303776169866
XQ5|YQ5,XQ5,YQ5,5,5,177.0,2.077683615819209,1.5,1.9691720178954748,0.559322033898305,0.8571428571428571,1.807692307692308,3,0.20479427468928071,0.20175438596491227,0.1029411764705882,0.6666666666666666,0.1516024521574968,0.5199742749884089,1.872889341129928,4.08182893206799
XQ2|YQ1,XQ2,YQ1,2,1,30.0,0.9083333333333332,-0.875,0.5447725110483548,0.4333333333333333,0.5,0.5868055555555557,4,3.286677336762482,2.081766917293233,1.374626221011363,0.75,1.0992866467106857,0.5013631901796509,0.0,3.939866148459917
XQ1|YQ2,XQ1,YQ2,1,2,149.0,2.454697986577181,0.5,2.3820229208978696,0.5302013422818792,1.0,0.6468253968253969,4,-0.7968160731812048,-0.6176844783715013,-0.26779881302907615,0.25,-0.6891314430994017,0.43395442277021223,2.7224967996062572,3.614747300714834
XQ4|YQ1,XQ4,YQ1,4,1,52.0,-0.1923076923076923,-1.375,-0.169018305234599,0.4423076923076923,0.5,0.3090111642743222,5,2.329065092246533,2.471751412429379,0.7720588235294118,0.8,0.5983104328872378,0.47237461054727553,0.0,2.5825334935389783
XQ3|YQ2,XQ3,YQ2,3,2,101.0,0.2945544554455445,-0.25,0.2649764361596178,0.4851485148514851,0.6666666666666666,2.208333333333333,7,1.5117264593056083,1.3858490566037738,-0.1899038461538461,0.42857142857142855,0.28637285217775293,0.48491581479409634,0.0,2.523983433861356
XQ1|YQ1,XQ1,YQ1,1,1,209.0,-0.3456937799043062,0.0,-0.5073157938150521,0.4832535885167464,0.5,-0.1286651234567901,2,1.6815156599552572,2.195530726256983,1.6815156599552572,1.0,1.4633977159731122,0.4817673378076063,0.0,2.4827168654480993
XQ4|YQ2,XQ4,YQ2,4,2,102.0,0.7720588235294118,0.75,0.6862766384187318,0.5490196078431373,0.6666666666666666,0.55,8,1.1013748214359775,1.1234290843806105,-0.301510989010989,0.375,0.08078009254765697,0.4683062713244036,0.0,2.439610968580725
XQ5|YQ2,XQ5,YQ2,5,2,34.0,1.0514705882352942,-0.25,0.5648848102802444,0.4117647058823529,1.0,0.895,5,-0.3809533964487525,-0.2672413793103448,-0.4107142857142857,0.2,-0.2329008883797805,0.4864495566353152,1.318711967545639,2.0106536134654536
XQ5|YQ4,XQ5,YQ4,5,4,69.0,0.5289855072463768,1.25,0.3749906543768654,0.5217391304347826,0.5,0.4246794871794872,5,0.17889438201685665,0.5072815533980582,-0.0175438596491228,0.4,0.22985493778615546,0.5258670604727171,0.02170395384831858,1.6005922778594472
XQ2|YQ3,XQ2,YQ3,2,3,104.0,-0.1899038461538461,0.5,-0.1422268202933204,0.5192307692307693,0.6666666666666666,4.967391304347826,6,-0.5777109293325488,-0.07850609756097561,-0.6131756756756757,0.3333333333333333,-0.4145930109953151,0.45165740862132653,0.0,1.3175865305178776
XQ4|YQ5,XQ4,YQ5,4,5,102.0,0.1029411764705882,0.625,0.0912409627615674,0.5294117647058824,0.2857142857142857,-1.8125,5,0.12694121429945415,0.5746753246753247,-0.0175438596491228,0.4,0.13025691592171224,0.49008783095274194,0.0,0.38057526655719787
XQ4|YQ4,XQ4,YQ4,4,4,57.0,-0.0175438596491228,1.5,-0.0114242606659424,0.5087719298245614,0.5,0.0541666666666666,8,-0.139346158286345,0.15328947368421053,-0.4679834054834055,0.375,-0.09200833467069142,0.49529600287991593,0.0,0.3741171443725134
XQ5|YQ3,XQ5,YQ3,5,3,84.0,-0.4107142857142857,1.5,-0.3173593981063982,0.5476190476190477,0.3333333333333333,-1.55188679245283,5,0.29541526450397093,0.19187675070028012,0.5289855072463768,0.6,0.20647464189119497,0.49510118006012477,0.0,-0.13629218337236088
XQ3|YQ5,XQ3,YQ5,3,5,99.0,-0.5252525252525253,-1.25,-0.7241438818319954,0.3939393939393939,0.5714285714285714,0.40625,5,-0.9120872033023737,-0.6215498938428875,-0.625,0.2,-0.7916625346890779,0.4546637659331158,0.0962973685903622,-0.8119598446641183
XQ3|YQ3,XQ3,YQ3,3,3,74.0,-0.6013513513513513,-0.5,-0.59030244934128,0.4594594594594595,0.3333333333333333,-0.5285714285714286,7,-0.293270832905255,-0.29453441295546556,-0.1899038461538461,0.2857142857142857,-0.23960742052647815,0.4973594976001254,0.0,-0.8635892202897173
XQ4|YQ3,XQ4,YQ3,4,3,95.0,-0.8578947368421053,-0.5,-0.5823546329539244,0.4842105263157895,0.3333333333333333,-1.1491935483870968,8,0.023536651384400087,0.025817555938037855,0.13850529789821084,0.5,0.0018415601194997078,0.4937736328226866,0.0,-0.8688326329413936
XQ5|YQ1,XQ5,YQ1,5,1,44.0,-1.2159090909090908,-1.625,-0.7820487440227126,0.4090909090909091,0.0,-1.1687370600414078,3,0.5437405731523378,0.5558510638297872,0.7720588235294118,0.6666666666666666,0.3607143811547924,0.4676973353443941,0.0,-0.9006878322880747
XQ2|YQ4,XQ2,YQ4,2,4,222.0,-0.625,-0.25,-0.935189354184668,0.4684684684684684,0.5,-0.7397980385638298,6,-1.4828901760151763,-1.0977218225419665,-1.015259009009009,0.0,-1.2018948070267552,0.4065493815493815,0.390259009009009,-1.8746677195981039
XQ3|YQ4,XQ3,YQ4,3,4,60.0,-1.4291666666666667,-2.125,-0.9573099501658412,0.4666666666666667,0.0,-1.27460407239819,8,-0.6632089761806287,-0.5169220945083014,-0.5633019383019383,0.125,-0.6300038134625086,0.45793653899304054,0.0,-2.65648771233987
XQ2|YQ5,XQ2,YQ5,2,5,30.0,-2.591666666666667,-2.0,-2.145630071190505,0.3,0.0,-2.8229166666666665,3,-0.8598063973063974,-0.7257217847769029,-0.625,0.0,-0.8722143953941682,0.44302484302484296,0.0,-4.690594689713636
XQ1|YQ3,XQ1,YQ3,1,3,50.0,-3.56,-2.5,-2.651755669337589,0.3,0.0,-3.56,3,0.5465980468077783,0.4363157894736842,-0.1899038461538461,0.3333333333333333,0.4348689154732937,0.5059668599937056,0.0,-4.880653998306057
