Instrument,File,BarIndex,Time,MacroState,Quadruplet,ResolvedArchetype,ResolutionMethod,Similarity,RollingEntropy,RollingVelocity,RollingDominantFraction,RollingDirectionalPresence,CurrentDirectionalEmergence,DirectionalReleasePressure,ExhaustionPressure,CompressionPressure,RotationalPressure,DominantPressure,DominantPressureValue,Open,High,Low,Close,ActiveDirection,DirectionSign,PrevClose,TR,ATR14,HorizonBars,FutureClose,RawReturn,NormalizedReturn,SignedReturn,SignedNormalizedReturn,DirectionalMFE,DirectionalMAE,DirectionalNormalizedMFE,DirectionalNormalizedMAE,DirectionalHit,HasDirection,DirPresenceBin,EntropyBin,Prev_DominantPressure,Next_DominantPressure,Prev_DirPresenceBin,Next_DirPresenceBin,Prev_EntropyBin,Next_EntropyBin,Prev_RollingDirectionalPresence,Next_RollingDirectionalPresence,Prev_RollingEntropy,Next_RollingEntropy,Prev_RollingVelocity,Next_RollingVelocity,Prev_DominantPressureValue,Next_DominantPressureValue,DeltaPrevToEntry_RollingDirectionalPresence,DeltaEntryToNext_RollingDirectionalPresence,DeltaPrevToEntry_RollingEntropy,DeltaEntryToNext_RollingEntropy,DeltaPrevToEntry_RollingVelocity,DeltaEntryToNext_RollingVelocity,DeltaPrevToEntry_DominantPressureValue,DeltaEntryToNext_DominantPressureValue,RegimeWeek,InTargetState,TargetEntry,NormalizedPolicyOutcome,DisasterStopped,PositiveOutcome,DirPresenceTriplet,PressureTriplet,EntropyTriplet,IsD1Persistence,IsRotCompComp,EntropyDeltaQuartile
ES,xApvaV01StateLog_ES.csv,49,2026-04-06 10:40:00,Unresolved,Unresolved->Unresolved->Degrading->Unresolved,Stable Compression Basin,Exact,1.0,1.2954618442339936,0.6666666666666666,0.6,0.0,0.0,0.0612328692175015,0.0833333333333333,0.5857003014020421,0.533382278426186,CompressionPressure,0.5857003014020421,6637.5,6640.75,6634.0,6635.75,Up,1,6637.75,6.75,7.928571428571429,5,6626.75,-9.0,-1.135135135135135,-9.0,-1.135135135135135,0.25,-9.75,0.0315315315315315,-1.2297297297297296,0,1,D1,E2,RotationalPressure,CompressionPressure,D1,D1,E4,E2,0.0,0.0,1.6854752972215634,1.2954618442339936,0.6666666666666666,0.6666666666666666,0.6,0.5857003014020421,0.0,0.0,-0.39001345298756984,0.0,0.0,0.0,-0.014299698597957877,0.0,2026-W15,True,True,-1.135135135135135,False,False,D1 > D1 > D1,RotationalPressure > CompressionPressure > CompressionPressure,E4 > E2 > E2,True,True,Q1
ES,xApvaV01StateLog_ES.csv,50,2026-04-06 10:45:00,Unresolved,Unresolved->Degrading->Unresolved->Unresolved,Stable Compression Basin,Exact,1.0,1.1567796494427114,0.5555555555555556,0.7,0.0,0.0,0.0956701692006535,0.0694444444444444,0.6638123830209416,0.4613788816489264,CompressionPressure,0.6638123830209416,6635.5,6636.0,6631.5,6635.0,Down,-1,6635.75,4.5,7.875,5,6631.0,-4.0,-0.5079365079365079,4.0,0.5079365079365079,9.0,0.0,1.1428571428571428,0.0,1,1,D1,E2,CompressionPressure,CompressionPressure,D1,D1,E2,E2,0.0,0.0,1.2954618442339936,1.1567796494427114,0.6666666666666666,0.5555555555555556,0.5857003014020421,0.6638123830209416,0.0,0.0,-0.1386821947912822,0.0,-0.11111111111111105,0.0,0.07811208161889949,0.0,2026-W15,True,True,0.5079365079365079,False,True,D1 > D1 > D1,CompressionPressure > CompressionPressure > CompressionPressure,E2 > E2 > E2,True,False,Q2
ES,xApvaV01StateLog_ES.csv,52,2026-04-06 10:55:00,Unresolved,Unresolved->Unresolved->Unresolved->Unresolved,Pure Unresolved Compression Equilibrium,Exact,1.0,1.1567796494427114,0.5555555555555556,0.7,0.0,0.0,0.0956701692006535,0.0694444444444444,0.6638123830209416,0.4613788816489264,CompressionPressure,0.6638123830209416,6632.0,6633.75,6628.0,6629.5,Down,-1,6632.0,5.75,7.910714285714286,5,6643.25,13.75,1.7381489841986455,-13.75,-1.7381489841986455,3.5,-15.5,0.4424379232505643,-1.959367945823928,0,1,D1,E2,CompressionPressure,CompressionPressure,D1,D1,E1,E2,0.0,0.0,0.7219280948844771,1.1567796494427114,0.4444444444444444,0.5555555555555556,0.7604350496252757,0.6638123830209416,0.0,0.0,0.4348515545582343,0.0,0.11111111111111116,0.0,-0.09662266660433416,0.0,2026-W15,True,True,-1.7381489841986455,False,False,D1 > D1 > D1,CompressionPressure > CompressionPressure > CompressionPressure,E1 > E2 > E2,True,False,Q4
ES,xApvaV01StateLog_ES.csv,57,2026-04-06 11:20:00,Unresolved,Unresolved->Unresolved->Unresolved->Unresolved,Pure Unresolved Compression Equilibrium,Exact,1.0,1.2954618442339936,0.2222222222222222,0.6,0.0,0.0,0.1098439803286126,0.0277777777777777,0.6968114125131533,0.3667156117595194,CompressionPressure,0.6968114125131533,6637.5,6645.0,6636.75,6643.25,Up,1,6637.25,8.25,8.017857142857142,5,6642.5,-0.75,-0.0935412026726058,-0.75,-0.0935412026726058,7.0,-2.25,0.8730512249443207,-0.2806236080178174,0,1,D1,E2,CompressionPressure,CompressionPressure,D1,D1,E3,E2,0.0,0.0,1.360964047439353,1.2954618442339936,0.3333333333333333,0.2222222222222222,0.6232730803683738,0.6968114125131533,0.0,0.0,-0.06550220320535938,0.0,-0.1111111111111111,0.0,0.07353833214477945,0.0,2026-W15,True,True,-0.0935412026726058,False,False,D1 > D1 > D1,CompressionPressure > CompressionPressure > CompressionPressure,E3 > E2 > E2,True,False,Q2
ES,xApvaV01StateLog_ES.csv,58,2026-04-06 11:25:00,Unresolved,Unresolved->Unresolved->Unresolved->Unresolved,Pure Unresolved Compression Equilibrium,Exact,1.0,0.8812908992278072,0.1111111111111111,0.7,0.0,0.0,0.1653733877500932,0.0138888888888888,0.7921415410204843,0.2344490508727494,CompressionPressure,0.7921415410204843,6643.25,6650.25,6641.75,6647.75,Up,1,6643.25,8.5,7.357142857142857,5,6645.0,-2.75,-0.3737864077669903,-2.75,-0.3737864077669903,2.5,-6.75,0.3398058252427184,-0.9174757281553398,0,1,D1,E2,CompressionPressure,CompressionPressure,D1,D1,E2,E2,0.0,0.0,1.2954618442339936,0.8812908992278072,0.2222222222222222,0.1111111111111111,0.6968114125131533,0.7921415410204843,0.0,0.0,-0.41417094500618634,0.0,-0.1111111111111111,0.0,0.09533012850733102,0.0,2026-W15,True,True,-0.3737864077669903,False,False,D1 > D1 > D1,CompressionPressure > CompressionPressure > CompressionPressure,E2 > E2 > E2,True,False,Q1
ES,xApvaV01StateLog_ES.csv,80,2026-04-06 13:15:00,Unresolved,Unresolved->Degrading->Degrading->Unresolved,Stable Compression Basin,Exact,1.0,1.1567796494427114,0.2222222222222222,0.7,0.0,0.0,0.1321285025339868,0.0277777777777777,0.747145716354275,0.3363788816489264,CompressionPressure,0.747145716354275,6648.0,6650.5,6647.0,6648.25,Down,-1,6648.25,3.5,4.589285714285714,5,6651.0,2.75,0.5992217898832685,-2.75,-0.5992217898832685,1.75,-5.25,0.3813229571984435,-1.143968871595331,0,1,D1,E2,CompressionPressure,CompressionPressure,D1,D1,E1,E2,0.0,0.0,0.7219280948844771,1.1567796494427114,0.1111111111111111,0.2222222222222222,0.3937683829586091,0.747145716354275,0.0,0.0,0.4348515545582343,0.0,0.1111111111111111,0.0,0.35337733339566585,0.0,2026-W15,True,True,-0.5992217898832685,False,False,D1 > D1 > D1,CompressionPressure > CompressionPressure > CompressionPressure,E1 > E2 > E2,True,False,Q4
ES,xApvaV01StateLog_ES.csv,134,2026-04-07 10:15:00,Unresolved,Unresolved->Unresolved->Unresolved->Unresolved,Pure Unresolved Compression Equilibrium,Exact,1.0,1.2954618442339936,0.4444444444444444,0.6,0.0,0.0,0.085538424773057,0.0555555555555555,0.6412558569575977,0.4500489450928527,CompressionPressure,0.6412558569575977,6627.5,6629.5,6624.0,6625.25,Down,-1,6627.5,5.5,8.267857142857142,5,6637.0,11.75,1.4211663066954645,-11.75,-1.4211663066954645,8.0,-21.25,0.9676025917926566,-2.5701943844492443,0,1,D1,E2,CompressionPressure,CompressionPressure,D1,D1,E3,E2,0.0,0.0,1.5709505944488975,1.2954618442339936,0.5555555555555556,0.4444444444444444,0.5962600322913884,0.6412558569575977,0.0,0.0,-0.27548875021490393,0.0,-0.11111111111111116,0.0,0.04499582466620933,0.0,2026-W15,True,True,-2.0,True,False,D1 > D1 > D1,CompressionPressure > CompressionPressure > CompressionPressure,E3 > E2 > E2,True,False,Q1
ES,xApvaV01StateLog_ES.csv,147,2026-04-07 11:20:00,Unresolved,Unresolved->Unresolved->Unresolved->Unresolved,Pure Unresolved Compression Equilibrium,Exact,1.0,1.2954618442339936,0.2222222222222222,0.6,0.0,0.0,0.1098439803286126,0.0277777777777777,0.6968114125131533,0.3667156117595194,CompressionPressure,0.6968114125131533,6627.5,6631.75,6626.0,6631.25,Up,1,6627.5,5.75,6.964285714285714,5,6617.25,-14.0,-2.01025641025641,-14.0,-2.01025641025641,1.25,-17.25,0.1794871794871795,-2.476923076923077,0,1,D1,E2,CompressionPressure,CompressionPressure,D1,D1,E3,E2,0.0,0.0,1.360964047439353,1.2954618442339936,0.3333333333333333,0.2222222222222222,0.6232730803683738,0.6968114125131533,0.0,0.0,-0.06550220320535938,0.0,-0.1111111111111111,0.0,0.07353833214477945,0.0,2026-W15,True,True,-2.0,True,False,D1 > D1 > D1,CompressionPressure > CompressionPressure > CompressionPressure,E3 > E2 > E2,True,False,Q2
ES,xApvaV01StateLog_ES.csv,148,2026-04-07 11:25:00,Unresolved,Unresolved->Unresolved->Unresolved->Unresolved,Pure Unresolved Compression Equilibrium,Exact,1.0,0.8812908992278072,0.1111111111111111,0.7,0.0,0.0,0.1653733877500932,0.0138888888888888,0.7921415410204843,0.2344490508727494,CompressionPressure,0.7921415410204843,6631.25,6632.5,6624.0,6625.0,Up,1,6631.25,8.5,7.178571428571429,5,6613.0,-12.0,-1.671641791044776,-12.0,-1.671641791044776,1.75,-13.0,0.2437810945273631,-1.8109452736318408,0,1,D1,E2,CompressionPressure,CompressionPressure,D1,D1,E2,E2,0.0,0.0,1.2954618442339936,0.8812908992278072,0.2222222222222222,0.1111111111111111,0.6968114125131533,0.7921415410204843,0.0,0.0,-0.41417094500618634,0.0,-0.1111111111111111,0.0,0.09533012850733102,0.0,2026-W15,True,True,-1.671641791044776,False,False,D1 > D1 > D1,CompressionPressure > CompressionPressure > CompressionPressure,E2 > E2 > E2,True,False,Q1
ES,xApvaV01StateLog_ES.csv,172,2026-04-07 13:25:00,Unresolved,Unresolved->Unresolved->Unresolved->Unresolved,Pure Unresolved Compression Equilibrium,Exact,1.0,1.2954618442339936,0.2222222222222222,0.6,0.0,0.0,0.1098439803286126,0.0277777777777777,0.6968114125131533,0.3667156117595194,CompressionPressure,0.6968114125131533,6658.75,6658.75,6653.75,6655.25,Down,-1,6658.75,5.0,13.196428571428571,5,6663.5,8.25,0.6251691474966171,-8.25,-0.6251691474966171,0.25,-18.25,0.0189445196211096,-1.3829499323410013,0,1,D1,E2,CompressionPressure,CompressionPressure,D1,D1,E3,E2,0.0,0.0,1.4854752972230063,1.2954618442339936,0.2222222222222222,0.2222222222222222,0.6432689050346733,0.6968114125131533,0.0,0.0,-0.19001345298901273,0.0,0.0,0.0,0.053542507478479995,0.0,2026-W15,True,True,-0.6251691474966171,False,False,D1 > D1 > D1,CompressionPressure > CompressionPressure > CompressionPressure,E3 > E2 > E2,True,False,Q1
ES,xApvaV01StateLog_ES.csv,174,2026-04-07 13:35:00,Unresolved,Unresolved->Unresolved->Balance->Unresolved,Stable Compression Basin,Exact,1.0,1.2954618442339936,0.3333333333333333,0.6,0.0,0.0,0.0976912025508348,0.0416666666666666,0.6690336347353755,0.4083822784261861,CompressionPressure,0.6690336347353755,6657.5,6668.5,6657.0,6663.0,Up,1,6657.25,11.5,10.5,5,6663.5,0.5,0.0476190476190476,0.5,0.0476190476190476,10.5,-5.75,1.0,-0.5476190476190477,1,1,D1,E2,RotationalPressure,CompressionPressure,D1,D1,E2,E2,0.0,0.0,1.2954618442339936,1.2954618442339936,0.2222222222222222,0.3333333333333333,0.6167156117595194,0.6690336347353755,0.0,0.0,0.0,0.0,0.1111111111111111,0.0,0.05231802297585608,0.0,2026-W15,True,True,0.0476190476190476,False,True,D1 > D1 > D1,RotationalPressure > CompressionPressure > CompressionPressure,E2 > E2 > E2,True,True,Q2
ES,xApvaV01StateLog_ES.csv,175,2026-04-07 13:40:00,Unresolved,Unresolved->Balance->Unresolved->Unresolved,Stable Compression Basin,Exact,1.0,1.2954618442339936,0.3333333333333333,0.6,0.0,0.0,0.0976912025508348,0.0416666666666666,0.6690336347353755,0.4083822784261861,CompressionPressure,0.6690336347353755,6662.75,6665.5,6657.25,6658.5,Up,1,6663.0,8.25,10.410714285714286,5,6825.75,167.25,16.06518010291595,167.25,16.06518010291595,178.25,-1.25,17.121783876500857,-0.1200686106346483,1,1,D1,E2,CompressionPressure,CompressionPressure,D1,D1,E2,E2,0.0,0.0,1.2954618442339936,1.2954618442339936,0.3333333333333333,0.3333333333333333,0.6690336347353755,0.6690336347353755,0.0,0.0,0.0,0.0,0.0,0.0,0.0,0.0,2026-W15,True,True,16.06518010291595,False,True,D1 > D1 > D1,CompressionPressure > CompressionPressure > CompressionPressure,E2 > E2 > E2,True,False,Q2
ES,xApvaV01StateLog_ES.csv,176,2026-04-07 13:45:00,Unresolved,Balance->Unresolved->Unresolved->Unresolved,Stable Compression Basin,Exact,1.0,1.2954618442339936,0.2222222222222222,0.6,0.0,0.0,0.1098439803286126,0.0277777777777777,0.6968114125131533,0.3667156117595194,CompressionPressure,0.6968114125131533,6658.5,6673.5,6657.25,6664.5,Up,1,6658.5,16.25,11.232142857142858,5,6819.75,155.25,13.821939586645469,155.25,13.821939586645469,172.25,-4.25,15.335453100158984,-0.3783783783783783,1,1,D1,E2,CompressionPressure,CompressionPressure,D1,D1,E2,E2,0.0,0.0,1.2954618442339936,1.2954618442339936,0.3333333333333333,0.2222222222222222,0.6690336347353755,0.6968114125131533,0.0,0.0,0.0,0.0,-0.1111111111111111,0.0,0.02777777777777779,0.0,2026-W15,True,True,13.821939586645469,False,True,D1 > D1 > D1,CompressionPressure > CompressionPressure > CompressionPressure,E2 > E2 > E2,True,False,Q2
ES,xApvaV01StateLog_ES.csv,177,2026-04-07 13:50:00,Unresolved,Unresolved->Unresolved->Unresolved->Unresolved,Pure Unresolved Compression Equilibrium,Exact,1.0,1.2954618442339936,0.3333333333333333,0.6,0.0,0.0,0.0976912025508348,0.0416666666666666,0.6690336347353755,0.4083822784261861,CompressionPressure,0.6690336347353755,6664.25,6666.0,6661.5,6663.5,Up,1,6664.5,4.5,11.142857142857142,5,6816.25,152.75,13.708333333333334,152.75,13.708333333333334,173.25,-3.25,15.548076923076923,-0.2916666666666667,1,1,D1,E2,CompressionPressure,CompressionPressure,D1,D1,E2,E2,0.0,0.0,1.2954618442339936,1.2954618442339936,0.2222222222222222,0.3333333333333333,0.6968114125131533,0.6690336347353755,0.0,0.0,0.0,0.0,0.1111111111111111,0.0,-0.02777777777777779,0.0,2026-W15,True,True,13.708333333333334,False,True,D1 > D1 > D1,CompressionPressure > CompressionPressure > CompressionPressure,E2 > E2 > E2,True,False,Q2
ES,xApvaV01StateLog_ES.csv,178,2026-04-07 13:55:00,Unresolved,Unresolved->Unresolved->Unresolved->Unresolved,Pure Unresolved Compression Equilibrium,Exact,1.0,1.2954618442339936,0.3333333333333333,0.6,0.0,0.0,0.0976912025508348,0.0416666666666666,0.6690336347353755,0.4083822784261861,CompressionPressure,0.6690336347353755,6663.5,6669.75,6660.25,6664.5,Up,1,6663.5,9.5,10.839285714285714,5,6826.5,162.0,14.945634266886326,162.0,14.945634266886326,172.25,-3.75,15.891268533772651,-0.3459637561779242,1,1,D1,E2,CompressionPressure,CompressionPressure,D1,D1,E2,E2,0.0,0.0,1.2954618442339936,1.2954618442339936,0.3333333333333333,0.3333333333333333,0.6690336347353755,0.6690336347353755,0.0,0.0,0.0,0.0,0.0,0.0,0.0,0.0,2026-W15,True,True,14.945634266886326,False,True,D1 > D1 > D1,CompressionPressure > CompressionPressure > CompressionPressure,E2 > E2 > E2,True,False,Q2
ES,xApvaV01StateLog_ES.csv,179,2026-04-07 14:00:00,Unresolved,Unresolved->Unresolved->Unresolved->Unresolved,Pure Unresolved Compression Equilibrium,Exact,1.0,1.2954618442339936,0.3333333333333333,0.6,0.0,0.0,0.0976912025508348,0.0416666666666666,0.6690336347353755,0.4083822784261861,CompressionPressure,0.6690336347353755,6664.5,6668.0,6660.75,6663.5,Up,1,6664.5,7.25,9.375,5,6806.5,143.0,15.253333333333334,143.0,15.253333333333334,173.25,141.75,18.48,15.12,1,1,D1,E2,CompressionPressure,CompressionPressure,D1,D1,E2,E2,0.0,0.0,1.2954618442339936,1.2954618442339936,0.3333333333333333,0.3333333333333333,0.6690336347353755,0.6690336347353755,0.0,0.0,0.0,0.0,0.0,0.0,0.0,0.0,2026-W15,True,True,15.253333333333334,False,True,D1 > D1 > D1,CompressionPressure > CompressionPressure > CompressionPressure,E2 > E2 > E2,True,False,Q2
ES,xApvaV01StateLog_ES.csv,180,2026-04-08 06:35:00,Unresolved,Unresolved->Unresolved->Unresolved->Unresolved,Pure Unresolved Compression Equilibrium,Exact,1.0,1.2954618442339936,0.3333333333333333,0.6,0.0,0.0,0.0976912025508348,0.0416666666666666,0.6690336347353755,0.4083822784261861,CompressionPressure,0.6690336347353755,6829.5,6836.75,6819.0,6825.75,Down,-1,6663.5,173.25,20.964285714285715,5,6811.75,-14.0,-0.6678023850085179,14.0,0.6678023850085179,20.75,-4.0,0.989778534923339,-0.1908006814310051,1,1,D1,E2,CompressionPressure,CompressionPressure,D1,D1,E2,E2,0.0,0.0,1.2954618442339936,1.2954618442339936,0.3333333333333333,0.3333333333333333,0.6690336347353755,0.6690336347353755,0.0,0.0,0.0,0.0,0.0,0.0,0.0,0.0,2026-W15,True,True,0.6678023850085179,False,True,D1 > D1 > D1,CompressionPressure > CompressionPressure > CompressionPressure,E2 > E2 > E2,True,False,Q2
ES,xApvaV01StateLog_ES.csv,181,2026-04-08 06:40:00,Unresolved,Unresolved->Unresolved->Unresolved->Unresolved,Pure Unresolved Compression Equilibrium,Exact,1.0,1.2954618442339936,0.3333333333333333,0.6,0.0,0.0,0.0976912025508348,0.0416666666666666,0.6690336347353755,0.4083822784261861,CompressionPressure,0.6690336347353755,6826.0,6828.5,6817.5,6819.75,Down,-1,6825.75,11.0,20.839285714285715,5,6816.25,-3.5,-0.1679520137103684,3.5,0.1679520137103684,14.75,-10.0,0.7077977720651242,-0.4798628963153384,1,1,D1,E2,CompressionPressure,CompressionPressure,D1,D1,E2,E2,0.0,0.0,1.2954618442339936,1.2954618442339936,0.3333333333333333,0.3333333333333333,0.6690336347353755,0.6690336347353755,0.0,0.0,0.0,0.0,0.0,0.0,0.0,0.0,2026-W15,True,True,0.1679520137103684,False,True,D1 > D1 > D1,CompressionPressure > CompressionPressure > CompressionPressure,E2 > E2 > E2,True,False,Q2
ES,xApvaV01StateLog_ES.csv,182,2026-04-08 06:45:00,Unresolved,Unresolved->Unresolved->Unresolved->Unresolved,Pure Unresolved Compression Equilibrium,Exact,1.0,1.2954618442339936,0.2222222222222222,0.6,0.0,0.0,0.1098439803286126,0.0277777777777777,0.6968114125131533,0.3667156117595194,CompressionPressure,0.6968114125131533,6819.75,6822.25,6813.25,6816.25,Down,-1,6819.75,9.0,20.464285714285715,5,6814.25,-2.0,-0.0977312390924956,2.0,0.0977312390924956,11.25,-13.5,0.5497382198952879,-0.6596858638743455,1,1,D1,E2,CompressionPressure,CompressionPressure,D1,D1,E2,E2,0.0,0.0,1.2954618442339936,1.2954618442339936,0.3333333333333333,0.2222222222222222,0.6690336347353755,0.6968114125131533,0.0,0.0,0.0,0.0,-0.1111111111111111,0.0,0.02777777777777779,0.0,2026-W15,True,True,0.0977312390924956,False,True,D1 > D1 > D1,CompressionPressure > CompressionPressure > CompressionPressure,E2 > E2 > E2,True,False,Q2
ES,xApvaV01StateLog_ES.csv,183,2026-04-08 06:50:00,Unresolved,Unresolved->Unresolved->Unresolved->Unresolved,Pure Unresolved Compression Equilibrium,Exact,1.0,0.8812908992278072,0.1111111111111111,0.7,0.0,0.0,0.1653733877500932,0.0138888888888888,0.7921415410204843,0.2344490508727494,CompressionPressure,0.7921415410204843,6816.5,6829.75,6815.5,6826.5,Down,-1,6816.25,14.25,20.928571428571427,5,6814.5,-12.0,-0.5733788395904438,12.0,0.5733788395904438,21.5,0.0,1.0273037542662118,0.0,1,1,D1,E2,CompressionPressure,CompressionPressure,D1,D1,E2,E2,0.0,0.0,1.2954618442339936,0.8812908992278072,0.2222222222222222,0.1111111111111111,0.6968114125131533,0.7921415410204843,0.0,0.0,-0.41417094500618634,0.0,-0.1111111111111111,0.0,0.09533012850733102,0.0,2026-W15,True,True,0.5733788395904438,False,True,D1 > D1 > D1,CompressionPressure > CompressionPressure > CompressionPressure,E2 > E2 > E2,True,False,Q1
ES,xApvaV01StateLog_ES.csv,232,2026-04-08 10:55:00,Unresolved,Balance->Balance->Unresolved->Unresolved,Stable Compression Basin,Exact,1.0,1.2954618442339936,0.5555555555555556,0.6,0.0,0.0,0.0733856469952793,0.0694444444444444,0.6134780791798199,0.4917156117595194,CompressionPressure,0.6134780791798199,6819.5,6822.75,6819.25,6821.25,Up,1,6819.25,3.5,4.821428571428571,5,6813.0,-8.25,-1.7111111111111112,-8.25,-1.7111111111111112,10.0,-13.25,2.0740740740740744,-2.7481481481481485,0,1,D1,E2,RotationalPressure,CompressionPressure,D1,D1,E3,E2,0.0,0.0,1.360964047439353,1.2954618442339936,0.6666666666666666,0.5555555555555556,0.5477108853773585,0.6134780791798199,0.0,0.0,-0.06550220320535938,0.0,-0.11111111111111105,0.0,0.06576719380246143,0.0,2026-W15,True,True,-2.0,True,False,D1 > D1 > D1,RotationalPressure > CompressionPressure > CompressionPressure,E3 > E2 > E2,True,True,Q2
ES,xApvaV01StateLog_ES.csv,236,2026-04-08 11:15:00,Unresolved,Balance->Balance->Unresolved->Unresolved,Stable Compression Basin,Exact,1.0,0.9999999999971146,0.5555555555555556,0.5,0.0,0.0,0.0843402777779986,0.0694444444444444,0.5902777777779582,0.4270833333327021,CompressionPressure,0.5902777777779582,6829.5,6829.75,6826.25,6828.5,Up,1,6829.5,3.5,5.232142857142857,5,6810.25,-18.25,-3.488054607508533,-18.25,-3.488054607508533,2.75,-20.5,0.5255972696245734,-3.918088737201365,0,1,D1,E2,RotationalPressure,CompressionPressure,D1,D1,E3,E2,0.0,0.0,1.360964047439353,0.9999999999971146,0.6666666666666666,0.5555555555555556,0.5477108853773585,0.5902777777779582,0.0,0.0,-0.3609640474422383,0.0,-0.11111111111111105,0.0,0.04256689240059974,0.0,2026-W15,True,True,-2.0,True,False,D1 > D1 > D1,RotationalPressure > CompressionPressure > CompressionPressure,E3 > E2 > E2,True,True,Q1
ES,xApvaV01StateLog_ES.csv,237,2026-04-08 11:20:00,Unresolved,Balance->Unresolved->Unresolved->Unresolved,Stable Compression Basin,Exact,1.0,0.9709505944517832,0.4444444444444444,0.6,0.0,0.0,0.1103838173345075,0.0555555555555555,0.6615378100689858,0.3790621092029942,CompressionPressure,0.6615378100689858,6828.25,6831.25,6808.0,6813.0,Down,-1,6828.5,23.25,6.607142857142857,5,6804.75,-8.25,-1.2486486486486488,8.25,1.2486486486486488,9.0,-6.25,1.3621621621621622,-0.945945945945946,1,1,D1,E2,CompressionPressure,CompressionPressure,D1,D1,E2,E2,0.0,0.0,0.9999999999971146,0.9709505944517832,0.5555555555555556,0.4444444444444444,0.5902777777779582,0.6615378100689858,0.0,0.0,-0.02904940554533142,0.0,-0.11111111111111116,0.0,0.07126003229102762,0.0,2026-W15,True,True,1.2486486486486488,False,True,D1 > D1 > D1,CompressionPressure > CompressionPressure > CompressionPressure,E2 > E2 > E2,True,False,Q2
ES,xApvaV01StateLog_ES.csv,243,2026-04-08 11:50:00,Unresolved,Balance->Unresolved->Unresolved->Unresolved,Stable Compression Basin,Exact,1.0,1.2954618442339936,0.4444444444444444,0.6,0.0,0.0,0.085538424773057,0.0555555555555555,0.6412558569575977,0.4500489450928527,CompressionPressure,0.6412558569575977,6805.0,6808.5,6802.5,6802.75,Down,-1,6804.75,6.0,6.875,5,6807.75,5.0,0.7272727272727273,-5.0,-0.7272727272727273,10.25,-6.5,1.490909090909091,-0.9454545454545454,0,1,D1,E2,CompressionPressure,CompressionPressure,D1,D1,E3,E2,0.0,0.0,1.360964047439353,1.2954618442339936,0.4444444444444444,0.4444444444444444,0.595495302590596,0.6412558569575977,0.0,0.0,-0.06550220320535938,0.0,0.0,0.0,0.04576055436700166,0.0,2026-W15,True,True,-0.7272727272727273,False,False,D1 > D1 > D1,CompressionPressure > CompressionPressure > CompressionPressure,E3 > E2 > E2,True,False,Q2
ES,xApvaV01StateLog_ES.csv,248,2026-04-08 12:15:00,Unresolved,Balance->Balance->Unresolved->Unresolved,Stable Compression Basin,Exact,1.0,0.9709505944517832,0.3333333333333333,0.6,0.0,0.0,0.1225365951122853,0.0416666666666666,0.6893155878467636,0.3373954425363276,CompressionPressure,0.6893155878467636,6801.25,6809.25,6801.0,6807.75,Up,1,6801.25,8.25,8.0,5,6812.25,4.5,0.5625,4.5,0.5625,7.0,-9.5,0.875,-1.1875,1,1,D1,E2,RotationalPressure,CompressionPressure,D1,D1,E2,E2,0.0,0.0,1.2954618442339936,0.9709505944517832,0.3333333333333333,0.3333333333333333,0.6583822784261861,0.6893155878467636,0.0,0.0,-0.32451124978221035,0.0,0.0,0.0,0.03093330942057748,0.0,2026-W15,True,True,0.5625,False,True,D1 > D1 > D1,RotationalPressure > CompressionPressure > CompressionPressure,E2 > E2 > E2,True,True,Q1
ES,xApvaV01StateLog_ES.csv,249,2026-04-08 12:20:00,Unresolved,Balance->Unresolved->Unresolved->Unresolved,Stable Compression Basin,Exact,1.0,0.9999999999971146,0.3333333333333333,0.5,0.0,0.0,0.1086458333335542,0.0416666666666666,0.6458333333335138,0.3437499999993688,CompressionPressure,0.6458333333335138,6808.0,6809.5,6800.5,6802.25,Up,1,6807.75,9.0,8.375,5,6811.25,9.0,1.0746268656716418,9.0,1.0746268656716418,12.5,-4.0,1.492537313432836,-0.4776119402985074,1,1,D1,E2,CompressionPressure,CompressionPressure,D1,D1,E2,E2,0.0,0.0,0.9709505944517832,0.9999999999971146,0.3333333333333333,0.3333333333333333,0.6893155878467636,0.6458333333335138,0.0,0.0,0.02904940554533142,0.0,0.0,0.0,-0.04348225451324983,0.0,2026-W15,True,True,1.0746268656716418,False,True,D1 > D1 > D1,CompressionPressure > CompressionPressure > CompressionPressure,E2 > E2 > E2,True,False,Q4
ES,xApvaV01StateLog_ES.csv,256,2026-04-08 12:55:00,Unresolved,Unresolved->Unresolved->Unresolved->Unresolved,Pure Unresolved Compression Equilibrium,Exact,1.0,1.1567796494427114,0.2222222222222222,0.7,0.0,0.0,0.1321285025339868,0.0277777777777777,0.747145716354275,0.3363788816489264,CompressionPressure,0.747145716354275,6814.25,6818.5,6813.5,6817.5,Up,1,6814.25,5.0,7.321428571428571,5,6820.25,2.75,0.375609756097561,2.75,0.375609756097561,9.5,-2.75,1.297560975609756,-0.375609756097561,1,1,D1,E2,CompressionPressure,CompressionPressure,D1,D1,E3,E2,0.0,0.0,1.3709505944503406,1.1567796494427114,0.2222222222222222,0.2222222222222222,0.6920933656246315,0.747145716354275,0.0,0.0,-0.21417094500762923,0.0,0.0,0.0,0.05505235072964343,0.0,2026-W15,True,True,0.375609756097561,False,True,D1 > D1 > D1,CompressionPressure > CompressionPressure > CompressionPressure,E3 > E2 > E2,True,False,Q1
ES,xApvaV01StateLog_ES.csv,323,2026-04-09 11:00:00,Degrading,Unresolved->Degrading->Degrading->Degrading,Sponsor Exhaustion Collapse,Exact,1.0,0.8812908992278072,0.1111111111111111,0.7,0.0,0.0,0.1653733877500932,0.1138888888888889,0.3421415410204842,0.2344490508727494,CompressionPressure,0.3421415410204842,6869.75,6870.0,6867.75,6869.75,Down,-1,6869.5,2.25,5.482142857142857,5,6853.0,-16.75,-3.055374592833876,16.75,3.055374592833876,19.0,-0.75,3.465798045602606,-0.1368078175895765,1,1,D1,E2,CompressionPressure,CompressionPressure,D1,D1,E1,E2,0.0,0.0,0.7219280948844771,0.8812908992278072,0.1111111111111111,0.1111111111111111,0.3937683829586091,0.3421415410204842,0.0,0.0,0.15936280434333017,0.0,0.0,0.0,-0.05162684193812489,0.0,2026-W15,True,True,3.055374592833876,False,True,D1 > D1 > D1,CompressionPressure > CompressionPressure > CompressionPressure,E1 > E2 > E2,True,False,Q4
ES,xApvaV01StateLog_ES.csv,324,2026-04-09 11:05:00,Degrading,Degrading->Degrading->Degrading->Degrading,Sponsor Exhaustion Collapse,Exact,1.0,0.9709505944517832,0.1111111111111111,0.6,0.0,0.0,0.1468421506678408,0.1138888888888889,0.294871143402319,0.2540621092029942,CompressionPressure,0.294871143402319,6869.75,6870.5,6851.0,6855.0,Down,-1,6869.75,19.5,6.178571428571429,5,6852.75,-2.25,-0.3641618497109826,2.25,0.3641618497109826,5.0,-7.75,0.8092485549132947,-1.2543352601156068,1,1,D1,E2,CompressionPressure,CompressionPressure,D1,D1,E2,E2,0.0,0.0,0.8812908992278072,0.9709505944517832,0.1111111111111111,0.1111111111111111,0.3421415410204842,0.294871143402319,0.0,0.0,0.08965969522397599,0.0,0.0,0.0,-0.047270397618165205,0.0,2026-W15,True,True,0.3641618497109826,False,True,D1 > D1 > D1,CompressionPressure > CompressionPressure > CompressionPressure,E2 > E2 > E2,True,False,Q4
ES,xApvaV01StateLog_ES.csv,331,2026-04-09 11:40:00,Unresolved,Balance->Degrading->Unresolved->Unresolved,Stable Compression Basin,Exact,1.0,1.2954618442339936,0.3333333333333333,0.6,0.0,0.0,0.0976912025508348,0.0416666666666666,0.6690336347353755,0.4083822784261861,CompressionPressure,0.6690336347353755,6850.25,6858.25,6849.5,6857.25,Down,-1,6850.25,8.75,7.285714285714286,5,6860.25,3.0,0.4117647058823529,-3.0,-0.4117647058823529,5.5,-5.25,0.7549019607843137,-0.7205882352941176,0,1,D1,E2,CompressionPressure,CompressionPressure,D1,D1,E3,E2,0.0,0.0,1.360964047439353,1.2954618442339936,0.3333333333333333,0.3333333333333333,0.6232730803683738,0.6690336347353755,0.0,0.0,-0.06550220320535938,0.0,0.0,0.0,0.04576055436700166,0.0,2026-W15,True,True,-0.4117647058823529,False,False,D1 > D1 > D1,CompressionPressure > CompressionPressure > CompressionPressure,E3 > E2 > E2,True,False,Q2
ES,xApvaV01StateLog_ES.csv,332,2026-04-09 11:45:00,Unresolved,Degrading->Unresolved->Unresolved->Unresolved,Stable Compression Basin,Exact,1.0,1.1567796494427114,0.3333333333333333,0.7,0.0,0.0,0.119975724756209,0.0416666666666666,0.7193679385764972,0.3780455483155931,CompressionPressure,0.7193679385764972,6857.0,6858.25,6852.0,6854.0,Down,-1,6857.25,6.25,7.25,5,6864.75,10.75,1.4827586206896552,-10.75,-1.4827586206896552,2.25,-11.0,0.3103448275862069,-1.5172413793103448,0,1,D1,E2,CompressionPressure,CompressionPressure,D1,D1,E2,E2,0.0,0.0,1.2954618442339936,1.1567796494427114,0.3333333333333333,0.3333333333333333,0.6690336347353755,0.7193679385764972,0.0,0.0,-0.1386821947912822,0.0,0.0,0.0,0.0503343038411217,0.0,2026-W15,True,True,-1.4827586206896552,False,False,D1 > D1 > D1,CompressionPressure > CompressionPressure > CompressionPressure,E2 > E2 > E2,True,False,Q2
ES,xApvaV01StateLog_ES.csv,334,2026-04-09 11:55:00,Unresolved,Unresolved->Unresolved->Unresolved->Unresolved,Pure Unresolved Compression Equilibrium,Exact,1.0,1.1567796494427114,0.3333333333333333,0.7,0.0,0.0,0.119975724756209,0.0416666666666666,0.7193679385764972,0.3780455483155931,CompressionPressure,0.7193679385764972,6855.75,6856.75,6851.75,6854.5,Down,-1,6855.75,5.0,6.75,5,6860.75,6.25,0.925925925925926,-6.25,-0.925925925925926,1.0,-12.25,0.1481481481481481,-1.8148148148148149,0,1,D1,E2,CompressionPressure,CompressionPressure,D1,D1,E3,E2,0.0,0.0,1.3567796494412687,1.1567796494427114,0.4444444444444444,0.3333333333333333,0.6790901607988096,0.7193679385764972,0.0,0.0,-0.19999999999855733,0.0,-0.1111111111111111,0.0,0.040277777777687596,0.0,2026-W15,True,True,-0.925925925925926,False,False,D1 > D1 > D1,CompressionPressure > CompressionPressure > CompressionPressure,E3 > E2 > E2,True,False,Q1
ES,xApvaV01StateLog_ES.csv,335,2026-04-09 12:00:00,Unresolved,Unresolved->Unresolved->Unresolved->Unresolved,Pure Unresolved Compression Equilibrium,Exact,1.0,1.2954618442339936,0.3333333333333333,0.6,0.0,0.0,0.0976912025508348,0.0416666666666666,0.6690336347353755,0.4083822784261861,CompressionPressure,0.6690336347353755,6854.5,6857.25,6854.5,6855.25,Down,-1,6854.5,2.75,6.678571428571429,5,6862.75,7.5,1.1229946524064172,-7.5,-1.1229946524064172,1.75,-11.5,0.2620320855614973,-1.7219251336898396,0,1,D1,E2,CompressionPressure,CompressionPressure,D1,D1,E2,E2,0.0,0.0,1.1567796494427114,1.2954618442339936,0.3333333333333333,0.3333333333333333,0.7193679385764972,0.6690336347353755,0.0,0.0,0.1386821947912822,0.0,0.0,0.0,-0.0503343038411217,0.0,2026-W15,True,True,-1.1229946524064172,False,False,D1 > D1 > D1,CompressionPressure > CompressionPressure > CompressionPressure,E2 > E2 > E2,True,False,Q4
ES,xApvaV01StateLog_ES.csv,338,2026-04-09 12:15:00,Unresolved,Unresolved->Unresolved->Unresolved->Unresolved,Pure Unresolved Compression Equilibrium,Exact,1.0,0.9709505944517832,0.1111111111111111,0.6,0.0,0.0,0.1468421506678408,0.0138888888888888,0.7448711434023191,0.2540621092029942,CompressionPressure,0.7448711434023191,6864.5,6866.75,6863.5,6864.5,Up,1,6864.75,3.25,6.125,5,6866.75,2.25,0.3673469387755102,2.25,0.3673469387755102,6.75,-4.5,1.1020408163265305,-0.7346938775510204,1,1,D1,E2,CompressionPressure,CompressionPressure,D1,D1,E3,E2,0.0,0.0,1.360964047439353,0.9709505944517832,0.2222222222222222,0.1111111111111111,0.6510508581461516,0.7448711434023191,0.0,0.0,-0.39001345298756973,0.0,-0.1111111111111111,0.0,0.09382028525616748,0.0,2026-W15,True,True,0.3673469387755102,False,True,D1 > D1 > D1,CompressionPressure > CompressionPressure > CompressionPressure,E3 > E2 > E2,True,False,Q1
ES,xApvaV01StateLog_ES.csv,339,2026-04-09 12:20:00,Unresolved,Unresolved->Unresolved->Unresolved->Unresolved,Pure Unresolved Compression Equilibrium,Exact,1.0,0.8812908992278072,0.1111111111111111,0.7,0.0,0.0,0.1653733877500932,0.0138888888888888,0.7921415410204843,0.2344490508727494,CompressionPressure,0.7921415410204843,6864.25,6866.5,6860.0,6860.75,Up,1,6864.5,6.5,6.035714285714286,5,6868.0,7.25,1.2011834319526626,7.25,1.2011834319526626,10.5,-0.75,1.7396449704142012,-0.1242603550295858,1,1,D1,E2,CompressionPressure,CompressionPressure,D1,D1,E2,E2,0.0,0.0,0.9709505944517832,0.8812908992278072,0.1111111111111111,0.1111111111111111,0.7448711434023191,0.7921415410204843,0.0,0.0,-0.08965969522397599,0.0,0.0,0.0,0.047270397618165205,0.0,2026-W15,True,True,1.2011834319526626,False,True,D1 > D1 > D1,CompressionPressure > CompressionPressure > CompressionPressure,E2 > E2 > E2,True,False,Q2
ES,xApvaV01StateLog_ES.csv,341,2026-04-09 12:30:00,Unresolved,Unresolved->Unresolved->Balance->Unresolved,Stable Compression Basin,Exact,1.0,1.1567796494427114,0.3333333333333333,0.7,0.0,0.0,0.119975724756209,0.0416666666666666,0.7193679385764972,0.3780455483155931,CompressionPressure,0.7193679385764972,6863.0,6865.0,6861.75,6863.0,Up,1,6862.75,3.25,5.660714285714286,5,6868.75,5.75,1.0157728706624607,5.75,1.0157728706624607,8.25,-0.5,1.4574132492113565,-0.0883280757097791,1,1,D1,E2,RotationalPressure,CompressionPressure,D1,D1,E2,E2,0.0,0.0,1.1567796494427114,1.1567796494427114,0.2222222222222222,0.3333333333333333,0.5863788816489264,0.7193679385764972,0.0,0.0,0.0,0.0,0.1111111111111111,0.0,0.1329890569275708,0.0,2026-W15,True,True,1.0157728706624607,False,True,D1 > D1 > D1,RotationalPressure > CompressionPressure > CompressionPressure,E2 > E2 > E2,True,True,Q2
ES,xApvaV01StateLog_ES.csv,342,2026-04-09 12:35:00,Unresolved,Unresolved->Balance->Unresolved->Unresolved,Stable Compression Basin,Exact,1.0,1.1567796494427114,0.2222222222222222,0.7,0.0,0.0,0.1321285025339868,0.0277777777777777,0.747145716354275,0.3363788816489264,CompressionPressure,0.747145716354275,6863.25,6871.25,6862.5,6866.75,Up,1,6863.0,8.75,5.696428571428571,5,6862.0,-4.75,-0.8338557993730408,-4.75,-0.8338557993730408,3.75,-5.25,0.658307210031348,-0.9216300940438872,0,1,D1,E2,CompressionPressure,CompressionPressure,D1,D1,E2,E2,0.0,0.0,1.1567796494427114,1.1567796494427114,0.3333333333333333,0.2222222222222222,0.7193679385764972,0.747145716354275,0.0,0.0,0.0,0.0,-0.1111111111111111,0.0,0.02777777777777779,0.0,2026-W15,True,True,-0.8338557993730408,False,False,D1 > D1 > D1,CompressionPressure > CompressionPressure > CompressionPressure,E2 > E2 > E2,True,False,Q2
ES,xApvaV01StateLog_ES.csv,343,2026-04-09 12:40:00,Unresolved,Balance->Unresolved->Unresolved->Unresolved,Stable Compression Basin,Exact,1.0,1.2954618442339936,0.2222222222222222,0.6,0.0,0.0,0.1098439803286126,0.0277777777777777,0.6968114125131533,0.3667156117595194,CompressionPressure,0.6968114125131533,6867.0,6870.0,6865.25,6866.75,Up,1,6866.75,4.75,5.607142857142857,5,6859.0,-7.75,-1.3821656050955415,-7.75,-1.3821656050955415,3.75,-7.75,0.6687898089171975,-1.3821656050955415,0,1,D1,E2,CompressionPressure,CompressionPressure,D1,D1,E2,E2,0.0,0.0,1.1567796494427114,1.2954618442339936,0.2222222222222222,0.2222222222222222,0.747145716354275,0.6968114125131533,0.0,0.0,0.1386821947912822,0.0,0.0,0.0,-0.0503343038411217,0.0,2026-W15,True,True,-1.3821656050955415,False,False,D1 > D1 > D1,CompressionPressure > CompressionPressure > CompressionPressure,E2 > E2 > E2,True,False,Q4
ES,xApvaV01StateLog_ES.csv,344,2026-04-09 12:45:00,Unresolved,Unresolved->Unresolved->Unresolved->Unresolved,Pure Unresolved Compression Equilibrium,Exact,1.0,1.2954618442339936,0.3333333333333333,0.6,0.0,0.0,0.0976912025508348,0.0416666666666666,0.6690336347353755,0.4083822784261861,CompressionPressure,0.6690336347353755,6867.0,6868.75,6864.0,6868.0,Up,1,6866.75,4.75,5.464285714285714,5,6858.5,-9.5,-1.738562091503268,-9.5,-1.738562091503268,2.5,-11.75,0.457516339869281,-2.150326797385621,0,1,D1,E2,CompressionPressure,CompressionPressure,D1,D1,E2,E2,0.0,0.0,1.2954618442339936,1.2954618442339936,0.2222222222222222,0.3333333333333333,0.6968114125131533,0.6690336347353755,0.0,0.0,0.0,0.0,0.1111111111111111,0.0,-0.02777777777777779,0.0,2026-W15,True,True,-2.0,True,False,D1 > D1 > D1,CompressionPressure > CompressionPressure > CompressionPressure,E2 > E2 > E2,True,False,Q2
ES,xApvaV01StateLog_ES.csv,345,2026-04-09 12:50:00,Unresolved,Unresolved->Unresolved->Unresolved->Unresolved,Pure Unresolved Compression Equilibrium,Exact,1.0,1.2954618442339936,0.3333333333333333,0.6,0.0,0.0,0.0976912025508348,0.0416666666666666,0.6690336347353755,0.4083822784261861,CompressionPressure,0.6690336347353755,6868.0,6869.75,6864.5,6865.25,Up,1,6868.0,5.25,5.214285714285714,5,6859.25,-6.0,-1.1506849315068493,-6.0,-1.1506849315068493,5.25,-9.0,1.0068493150684932,-1.726027397260274,0,1,D1,E2,CompressionPressure,CompressionPressure,D1,D1,E2,E2,0.0,0.0,1.2954618442339936,1.2954618442339936,0.3333333333333333,0.3333333333333333,0.6690336347353755,0.6690336347353755,0.0,0.0,0.0,0.0,0.0,0.0,0.0,0.0,2026-W15,True,True,-1.1506849315068493,False,False,D1 > D1 > D1,CompressionPressure > CompressionPressure > CompressionPressure,E2 > E2 > E2,True,False,Q2
ES,xApvaV01StateLog_ES.csv,350,2026-04-09 13:15:00,Unresolved,Unresolved->Unresolved->Unresolved->Unresolved,Pure Unresolved Compression Equilibrium,Exact,1.0,1.2954618442339936,0.4444444444444444,0.6,0.0,0.0,0.085538424773057,0.0555555555555555,0.6412558569575977,0.4500489450928527,CompressionPressure,0.6412558569575977,6858.75,6860.5,6858.25,6859.25,Down,-1,6858.5,2.25,5.017857142857143,5,6862.5,3.25,0.6476868327402134,-3.25,-0.6476868327402134,2.25,-4.0,0.4483985765124554,-0.797153024911032,0,1,D1,E2,CompressionPressure,CompressionPressure,D1,D1,E3,E2,0.0,0.0,1.3709505944503406,1.2954618442339936,0.4444444444444444,0.4444444444444444,0.636537810069076,0.6412558569575977,0.0,0.0,-0.07548875021634704,0.0,0.0,0.0,0.004718046888521732,0.0,2026-W15,True,True,-0.6476868327402134,False,False,D1 > D1 > D1,CompressionPressure > CompressionPressure > CompressionPressure,E3 > E2 > E2,True,False,Q2
ES,xApvaV01StateLog_ES.csv,353,2026-04-09 13:30:00,Unresolved,Unresolved->Unresolved->Unresolved->Unresolved,Pure Unresolved Compression Equilibrium,Exact,1.0,1.2954618442339936,0.3333333333333333,0.6,0.0,0.0,0.0976912025508348,0.0416666666666666,0.6690336347353755,0.4083822784261861,CompressionPressure,0.6690336347353755,6859.75,6860.5,6858.5,6859.75,Down,-1,6859.75,2.0,4.392857142857143,5,6860.5,0.75,0.1707317073170731,-0.75,-0.1707317073170731,0.25,-3.5,0.056910569105691,-0.7967479674796747,0,1,D1,E2,CompressionPressure,CompressionPressure,D1,D1,E3,E2,0.0,0.0,1.360964047439353,1.2954618442339936,0.4444444444444444,0.3333333333333333,0.595495302590596,0.6690336347353755,0.0,0.0,-0.06550220320535938,0.0,-0.1111111111111111,0.0,0.07353833214477945,0.0,2026-W15,True,True,-0.1707317073170731,False,False,D1 > D1 > D1,CompressionPressure > CompressionPressure > CompressionPressure,E3 > E2 > E2,True,False,Q2
ES,xApvaV01StateLog_ES.csv,354,2026-04-09 13:35:00,Unresolved,Unresolved->Unresolved->Unresolved->Unresolved,Pure Unresolved Compression Equilibrium,Exact,1.0,1.2954618442339936,0.3333333333333333,0.6,0.0,0.0,0.0976912025508348,0.0416666666666666,0.6690336347353755,0.4083822784261861,CompressionPressure,0.6690336347353755,6859.75,6863.0,6859.5,6862.5,Up,1,6859.75,3.5,4.410714285714286,5,6860.75,-1.75,-0.3967611336032389,-1.75,-0.3967611336032389,0.75,-5.0,0.1700404858299595,-1.1336032388663968,0,1,D1,E2,CompressionPressure,CompressionPressure,D1,D1,E2,E2,0.0,0.0,1.2954618442339936,1.2954618442339936,0.3333333333333333,0.3333333333333333,0.6690336347353755,0.6690336347353755,0.0,0.0,0.0,0.0,0.0,0.0,0.0,0.0,2026-W15,True,True,-0.3967611336032389,False,False,D1 > D1 > D1,CompressionPressure > CompressionPressure > CompressionPressure,E2 > E2 > E2,True,False,Q2
ES,xApvaV01StateLog_ES.csv,355,2026-04-09 13:40:00,Unresolved,Unresolved->Unresolved->Unresolved->Unresolved,Pure Unresolved Compression Equilibrium,Exact,1.0,1.2954618442339936,0.2222222222222222,0.6,0.0,0.0,0.1098439803286126,0.0277777777777777,0.6968114125131533,0.3667156117595194,CompressionPressure,0.6968114125131533,6862.5,6863.25,6862.0,6862.5,Up,1,6862.5,1.25,4.267857142857143,5,6872.0,9.5,2.225941422594142,9.5,2.225941422594142,19.0,-5.0,4.451882845188284,-1.1715481171548117,1,1,D1,E2,CompressionPressure,CompressionPressure,D1,D1,E2,E2,0.0,0.0,1.2954618442339936,1.2954618442339936,0.3333333333333333,0.2222222222222222,0.6690336347353755,0.6968114125131533,0.0,0.0,0.0,0.0,-0.1111111111111111,0.0,0.02777777777777779,0.0,2026-W15,True,True,2.225941422594142,False,True,D1 > D1 > D1,CompressionPressure > CompressionPressure > CompressionPressure,E2 > E2 > E2,True,False,Q2
ES,xApvaV01StateLog_ES.csv,356,2026-04-09 13:45:00,Unresolved,Unresolved->Unresolved->Unresolved->Unresolved,Pure Unresolved Compression Equilibrium,Exact,1.0,0.8812908992278072,0.1111111111111111,0.7,0.0,0.0,0.1653733877500932,0.0138888888888888,0.7921415410204843,0.2344490508727494,CompressionPressure,0.7921415410204843,6862.5,6863.0,6861.75,6862.5,Up,1,6862.5,1.25,3.732142857142857,5,6869.5,7.0,1.875598086124402,7.0,1.875598086124402,19.0,-5.0,5.090909090909091,-1.339712918660287,1,1,D1,E2,CompressionPressure,CompressionPressure,D1,D1,E2,E2,0.0,0.0,1.2954618442339936,0.8812908992278072,0.2222222222222222,0.1111111111111111,0.6968114125131533,0.7921415410204843,0.0,0.0,-0.41417094500618634,0.0,-0.1111111111111111,0.0,0.09533012850733102,0.0,2026-W15,True,True,1.875598086124402,False,True,D1 > D1 > D1,CompressionPressure > CompressionPressure > CompressionPressure,E2 > E2 > E2,True,False,Q1
ES,xApvaV01StateLog_ES.csv,367,2026-04-10 07:10:00,Degrading,Unresolved->Degrading->Degrading->Degrading,Sponsor Exhaustion Collapse,Exact,1.0,0.8812908992278072,0.1111111111111111,0.7,0.0,0.0,0.1653733877500932,0.1138888888888889,0.3421415410204842,0.2344490508727494,CompressionPressure,0.3421415410204842,6868.25,6870.25,6864.75,6867.75,Down,-1,6868.25,5.5,5.464285714285714,5,6877.5,9.75,1.784313725490196,-9.75,-1.784313725490196,4.25,-14.25,0.7777777777777778,-2.607843137254902,0,1,D1,E2,CompressionPressure,CompressionPressure,D1,D1,E1,E2,0.0,0.0,0.7219280948844771,0.8812908992278072,0.1111111111111111,0.1111111111111111,0.3937683829586091,0.3421415410204842,0.0,0.0,0.15936280434333017,0.0,0.0,0.0,-0.05162684193812489,0.0,2026-W15,True,True,-2.0,True,False,D1 > D1 > D1,CompressionPressure > CompressionPressure > CompressionPressure,E1 > E2 > E2,True,False,Q4
ES,xApvaV01StateLog_ES.csv,368,2026-04-10 07:15:00,Unresolved,Degrading->Degrading->Degrading->Unresolved,Stable Compression Basin,Exact,1.0,1.2954618442339936,0.2222222222222222,0.6,0.0,0.0,0.1098439803286126,0.0277777777777777,0.6968114125131533,0.3667156117595194,CompressionPressure,0.6968114125131533,6868.0,6875.0,6863.5,6874.5,Down,-1,6867.75,11.5,6.035714285714286,5,6876.75,2.25,0.3727810650887574,-2.25,-0.3727810650887574,3.0,-7.5,0.4970414201183432,-1.242603550295858,0,1,D1,E2,CompressionPressure,CompressionPressure,D1,D1,E2,E2,0.0,0.0,0.8812908992278072,1.2954618442339936,0.1111111111111111,0.2222222222222222,0.3421415410204842,0.6968114125131533,0.0,0.0,0.41417094500618634,0.0,0.1111111111111111,0.0,0.35466987149266904,0.0,2026-W15,True,True,-0.3727810650887574,False,False,D1 > D1 > D1,CompressionPressure > CompressionPressure > CompressionPressure,E2 > E2 > E2,True,False,Q4
ES,xApvaV01StateLog_ES.csv,377,2026-04-10 08:00:00,Unresolved,Unresolved->Unresolved->Balance->Unresolved,Stable Compression Basin,Exact,1.0,1.1567796494427114,0.5555555555555556,0.7,0.0,0.0,0.0956701692006535,0.0694444444444444,0.6638123830209416,0.4613788816489264,CompressionPressure,0.6638123830209416,6870.5,6877.25,6868.5,6875.75,Up,1,6870.25,8.75,6.410714285714286,5,6882.0,6.25,0.9749303621169916,6.25,0.9749303621169916,7.25,-4.5,1.1309192200557103,-0.701949860724234,1,1,D1,E2,RotationalPressure,CompressionPressure,D1,D1,E3,E2,0.0,0.0,1.5709505944488975,1.1567796494427114,0.5555555555555556,0.5555555555555556,0.8019787758690297,0.6638123830209416,0.0,0.0,-0.4141709450061861,0.0,0.0,0.0,-0.13816639284808807,0.0,2026-W15,True,True,0.9749303621169916,False,True,D1 > D1 > D1,RotationalPressure > CompressionPressure > CompressionPressure,E3 > E2 > E2,True,True,Q1
ES,xApvaV01StateLog_ES.csv,378,2026-04-10 08:05:00,Unresolved,Unresolved->Balance->Unresolved->Unresolved,Stable Compression Basin,Exact,1.0,1.1567796494427114,0.5555555555555556,0.7,0.0,0.0,0.0956701692006535,0.0694444444444444,0.6638123830209416,0.4613788816489264,CompressionPressure,0.6638123830209416,6876.0,6876.75,6873.0,6873.75,Up,1,6875.75,3.75,6.160714285714286,5,6875.0,1.25,0.2028985507246377,1.25,0.2028985507246377,9.25,-2.5,1.501449275362319,-0.4057971014492754,1,1,D1,E2,CompressionPressure,CompressionPressure,D1,D1,E2,E2,0.0,0.0,1.1567796494427114,1.1567796494427114,0.5555555555555556,0.5555555555555556,0.6638123830209416,0.6638123830209416,0.0,0.0,0.0,0.0,0.0,0.0,0.0,0.0,2026-W15,True,True,0.2028985507246377,False,True,D1 > D1 > D1,CompressionPressure > CompressionPressure > CompressionPressure,E2 > E2 > E2,True,False,Q2
ES,xApvaV01StateLog_ES.csv,379,2026-04-10 08:10:00,Unresolved,Balance->Unresolved->Unresolved->Unresolved,Stable Compression Basin,Exact,1.0,1.1567796494427114,0.5555555555555556,0.7,0.0,0.0,0.0956701692006535,0.0694444444444444,0.6638123830209416,0.4613788816489264,CompressionPressure,0.6638123830209416,6873.75,6878.25,6871.25,6877.0,Up,1,6873.75,7.0,6.428571428571429,5,6871.0,-6.0,-0.9333333333333332,-6.0,-0.9333333333333332,6.0,-7.75,0.9333333333333332,-1.2055555555555555,0,1,D1,E2,CompressionPressure,CompressionPressure,D1,D1,E2,E2,0.0,0.0,1.1567796494427114,1.1567796494427114,0.5555555555555556,0.5555555555555556,0.6638123830209416,0.6638123830209416,0.0,0.0,0.0,0.0,0.0,0.0,0.0,0.0,2026-W15,True,True,-0.9333333333333332,False,False,D1 > D1 > D1,CompressionPressure > CompressionPressure > CompressionPressure,E2 > E2 > E2,True,False,Q2
ES,xApvaV01StateLog_ES.csv,382,2026-04-10 08:25:00,Unresolved,Unresolved->Unresolved->Unresolved->Unresolved,Pure Unresolved Compression Equilibrium,Exact,1.0,1.2954618442339936,0.3333333333333333,0.6,0.0,0.0,0.0976912025508348,0.0416666666666666,0.6690336347353755,0.4083822784261861,CompressionPressure,0.6690336347353755,6878.0,6883.0,6877.25,6882.0,Up,1,6878.0,5.75,5.696428571428571,5,6864.5,-17.5,-3.072100313479624,-17.5,-3.072100313479624,0.0,-19.25,0.0,-3.3793103448275863,0,1,D1,E2,CompressionPressure,CompressionPressure,D1,D1,E3,E2,0.0,0.0,1.3709505944503406,1.2954618442339936,0.4444444444444444,0.3333333333333333,0.636537810069076,0.6690336347353755,0.0,0.0,-0.07548875021634704,0.0,-0.1111111111111111,0.0,0.03249582466629952,0.0,2026-W15,True,True,-2.0,True,False,D1 > D1 > D1,CompressionPressure > CompressionPressure > CompressionPressure,E3 > E2 > E2,True,False,Q2
ES,xApvaV01StateLog_ES.csv,385,2026-04-10 08:40:00,Unresolved,Unresolved->Unresolved->Unresolved->Unresolved,Pure Unresolved Compression Equilibrium,Exact,1.0,1.2954618442339936,0.2222222222222222,0.6,0.0,0.0,0.1098439803286126,0.0277777777777777,0.6968114125131533,0.3667156117595194,CompressionPressure,0.6968114125131533,6871.0,6872.25,6865.75,6866.75,Down,-1,6871.0,6.5,6.464285714285714,5,6855.25,-11.5,-1.7790055248618784,11.5,1.7790055248618784,13.5,-3.0,2.0883977900552484,-0.4640883977900552,1,1,D1,E2,CompressionPressure,CompressionPressure,D1,D1,E3,E2,0.0,0.0,1.360964047439353,1.2954618442339936,0.3333333333333333,0.2222222222222222,0.6232730803683738,0.6968114125131533,0.0,0.0,-0.06550220320535938,0.0,-0.1111111111111111,0.0,0.07353833214477945,0.0,2026-W15,True,True,1.7790055248618784,False,True,D1 > D1 > D1,CompressionPressure > CompressionPressure > CompressionPressure,E3 > E2 > E2,True,False,Q2
ES,xApvaV01StateLog_ES.csv,386,2026-04-10 08:45:00,Unresolved,Unresolved->Unresolved->Unresolved->Unresolved,Pure Unresolved Compression Equilibrium,Exact,1.0,0.8812908992278072,0.1111111111111111,0.7,0.0,0.0,0.1653733877500932,0.0138888888888888,0.7921415410204843,0.2344490508727494,CompressionPressure,0.7921415410204843,6866.75,6868.0,6862.75,6867.0,Down,-1,6866.75,5.25,6.482142857142857,5,6856.0,-11.0,-1.696969696969697,11.0,1.696969696969697,13.75,-2.75,2.121212121212121,-0.4242424242424242,1,1,D1,E2,CompressionPressure,CompressionPressure,D1,D1,E2,E2,0.0,0.0,1.2954618442339936,0.8812908992278072,0.2222222222222222,0.1111111111111111,0.6968114125131533,0.7921415410204843,0.0,0.0,-0.41417094500618634,0.0,-0.1111111111111111,0.0,0.09533012850733102,0.0,2026-W15,True,True,1.696969696969697,False,True,D1 > D1 > D1,CompressionPressure > CompressionPressure > CompressionPressure,E2 > E2 > E2,True,False,Q1
