file,status,reason,rows,columns,selected_rows,return_col,instrument_col,horizon_col,archetype_col,pressure_col,direction_col,time_col
data\Validation\6E\xApvaV01StateLog_6E.csv,skipped,"missing return_col, horizon_col, pressure_col",5817,"Instrument,SessionContext,BarIndex,Time,Open,High,Low,Close,MacroState,ActiveDirection,SponsorState,SponsorConfidence,SequencePhase,SequenceAuthority,MaturityLevel,DominanceScore,DegradationScore,BalanceScore,TransitionScore,AmbiguityScore,Events,SFCStatus,ExpectedNextBehavior,InvalidationCondition",,,,,,,,
data\Validation\ES\apva_correlation_matrix.csv,skipped,"missing return_col, instrument_col, horizon_col, archetype_col",8,"Unnamed: 0,MeanPriorRunLength,MeanIncubationQuality,MeanStructuralCompression,MeanEntropicCompression,MeanExpansionPressure,MeanNextRunLength,ImmediateFailurePct,DirectionalContinuationPct",,,,,,,,
data\Validation\ES\apva_merged_latest.csv,skipped,"missing return_col, archetype_col",12,"Instrument,SessionContext,TotalBars,Transition,Entries,MeanPriorRunLength,MeanSponsorConfidence,MaxSponsorConfidence,MeanDominanceScore,MeanDegradationScore,MeanBalanceScore,EventCount,MeanCompressionScore,MeanExpansionPressure,MeanStructuralCompression,MeanEntropicCompression,MeanIncubationQuality,MeanNextRunLength,ImmediateFailurePct,DirectionalContinuationPct",,,,,,,,
data\Validation\ES\apva_reduced_feature_correlation_matrix.csv,skipped,"missing return_col, instrument_col, horizon_col, archetype_col",7,"Unnamed: 0,MeanPriorRunLength,MeanEntropicCompression,MeanExpansionPressure,MeanIncubationQuality,MeanNextRunLength,ImmediateFailurePct,DirectionalContinuationPct",,,,,,,,
data\Validation\ES\apva_top_directional_continuation.csv,skipped,"missing return_col, archetype_col",12,"Instrument,SessionContext,TotalBars,Transition,Entries,MeanPriorRunLength,MeanSponsorConfidence,MaxSponsorConfidence,MeanDominanceScore,MeanDegradationScore,MeanBalanceScore,EventCount,MeanCompressionScore,MeanExpansionPressure,MeanStructuralCompression,MeanEntropicCompression,MeanIncubationQuality,MeanNextRunLength,ImmediateFailurePct,DirectionalContinuationPct",,,,,,,,
data\Validation\ES\apva_top_incubation_quality.csv,skipped,"missing return_col, archetype_col",12,"Instrument,SessionContext,TotalBars,Transition,Entries,MeanPriorRunLength,MeanSponsorConfidence,MaxSponsorConfidence,MeanDominanceScore,MeanDegradationScore,MeanBalanceScore,EventCount,MeanCompressionScore,MeanExpansionPressure,MeanStructuralCompression,MeanEntropicCompression,MeanIncubationQuality,MeanNextRunLength,ImmediateFailurePct,DirectionalContinuationPct",,,,,,,,
data\Validation\ES\apva_worst_immediate_failure.csv,skipped,"missing return_col, archetype_col",12,"Instrument,SessionContext,TotalBars,Transition,Entries,MeanPriorRunLength,MeanSponsorConfidence,MaxSponsorConfidence,MeanDominanceScore,MeanDegradationScore,MeanBalanceScore,EventCount,MeanCompressionScore,MeanExpansionPressure,MeanStructuralCompression,MeanEntropicCompression,MeanIncubationQuality,MeanNextRunLength,ImmediateFailurePct,DirectionalContinuationPct",,,,,,,,
data\Validation\ES\xApvaV01BirthQuality.csv,skipped,"missing return_col, archetype_col, pressure_col",79,"Instrument,SessionContext,TotalBars,EntryPath,Occurrences,PersistGE2,PersistGE3,PersistGE5,PersistGE8",,,,,,,,
data\Validation\ES\xApvaV01DurationBucketProbabilities.csv,skipped,"missing return_col, pressure_col",156,"Instrument,SessionContext,TotalBars,Bucket,FromState,Transition,ProbabilityPct",,,,,,,,
data\Validation\ES\xApvaV01DurationBucketTransitions.csv,skipped,"missing return_col, archetype_col, pressure_col",156,"Instrument,SessionContext,TotalBars,Bucket,Transition,Count",,,,,,,,
data\Validation\ES\xApvaV01EntryStats.csv,skipped,"missing return_col, archetype_col, pressure_col",81,"Instrument,SessionContext,TotalBars,Transition,Entries,MeanPriorRunLength,MedianPriorRunLength,MaxPriorRunLength",,,,,,,,
data\Validation\ES\xApvaV01HazardRates.csv,skipped,"missing return_col, pressure_col",487,"Instrument,SessionContext,TotalBars,State,RunLength,SurvivalCount,ExitCount,HazardProbability",,,,,,,,
data\Validation\ES\xApvaV01IncubationQualityBucketProbabilities.csv,skipped,"missing return_col, archetype_col, pressure_col",160,"Instrument,SessionContext,TotalBars,Bucket,Transition,Count,ProbabilityPct",,,,,,,,
data\Validation\ES\xApvaV01IncubationQualityBuckets.csv,skipped,"missing return_col, archetype_col, pressure_col",160,"Instrument,SessionContext,TotalBars,Bucket,Transition,Count",,,,,,,,
data\Validation\ES\xApvaV01IncubationQualityConditionalProbabilities.csv,skipped,"missing return_col, pressure_col",160,"Instrument,SessionContext,TotalBars,Bucket,FromState,Transition,Count,ProbabilityPct",,,,,,,,
data\Validation\ES\xApvaV01PersistenceStats.csv,skipped,"missing return_col, archetype_col, pressure_col",79,"Instrument,SessionContext,TotalBars,EntryPath,Occurrences,MeanPersistence",,,,,,,,
data\Validation\ES\xApvaV01PrecursorStats.csv,skipped,"missing return_col, archetype_col",81,"Instrument,SessionContext,TotalBars,Transition,Entries,MeanPriorRunLength,MeanSponsorConfidence,MaxSponsorConfidence,MeanDominanceScore,MeanDegradationScore,MeanBalanceScore,EventCount,MeanCompressionScore,MeanExpansionPressure,MeanStructuralCompression,MeanEntropicCompression,MeanIncubationQuality",,,,,,,,
data\Validation\ES\xApvaV01RunLengths.csv,skipped,"missing return_col, pressure_col",38,"Instrument,SessionContext,TotalBars,State,CompletedRuns,MeanRunLength,MedianRunLength,MaxRunLength",,,,,,,,
data\Validation\ES\xApvaV01SessionStats.csv,skipped,"missing return_col, archetype_col, pressure_col",8,"Instrument,SessionContext,TotalBars,DirectionalPct,DegradingPct,BalancePct,UnresolvedPct,UnknownPct,AcceptedReclaim,RejectedReclaim,FailedContinuation,PeakVolume,LateralSeed",,,,,,,,
data\Validation\ES\xApvaV01SponsorStates.csv,skipped,"missing return_col, pressure_col",73,"Instrument,SessionContext,TotalBars,SponsorState,Count,Percent",,,,,,,,
data\Validation\ES\xApvaV01SponsorTransitions.csv,skipped,"missing return_col, archetype_col, pressure_col",279,"Instrument,SessionContext,TotalBars,Transition,Count",,,,,,,,
data\Validation\ES\xApvaV01StateLog_ES.csv,skipped,"missing return_col, horizon_col, pressure_col",3148,"Instrument,SessionContext,BarIndex,Time,Open,High,Low,Close,MacroState,ActiveDirection,SponsorState,SponsorConfidence,SequencePhase,SequenceAuthority,MaturityLevel,DominanceScore,DegradationScore,BalanceScore,TransitionScore,AmbiguityScore,Events,SFCStatus,ExpectedNextBehavior,InvalidationCondition",,,,,,,,
data\Validation\ES\xApvaV01StateQuadrupletProbabilities.csv,skipped,"missing return_col, archetype_col, pressure_col",434,"Instrument,SessionContext,TotalBars,Prefix,Quadruplet,Count,ConditionalProbability",,,,,,,,
data\Validation\ES\xApvaV01StateQuadruplets.csv,skipped,"missing return_col, archetype_col, pressure_col",434,"Instrument,SessionContext,TotalBars,Quadruplet,Count",,,,,,,,
data\Validation\ES\xApvaV01StateTripletProbabilities.csv,skipped,"missing return_col, archetype_col, pressure_col",257,"Instrument,SessionContext,TotalBars,Prefix,Triplet,Count,ConditionalProbability",,,,,,,,
data\Validation\ES\xApvaV01StateTriplets.csv,skipped,"missing return_col, archetype_col, pressure_col",257,"Instrument,SessionContext,TotalBars,Triplet,Count",,,,,,,,
data\Validation\ES\xApvaV01TransitionExpectancy.csv,skipped,"missing return_col, archetype_col, pressure_col",79,"Instrument,SessionContext,TotalBars,Transition,Occurrences,MeanNextRunLength,ImmediateFailurePct,DirectionalContinuationPct",,,,,,,,
data\Validation\ES\xApvaV01TransitionProbabilities.csv,skipped,"missing return_col, pressure_col",117,"Instrument,SessionContext,TotalBars,FromState,Transition,ProbabilityPct",,,,,,,,
data\Validation\ES\xApvaV01Transitions.csv,skipped,"missing return_col, archetype_col, pressure_col",117,"Instrument,SessionContext,TotalBars,Transition,Count",,,,,,,,
data\Validation\NQ\xApvaV01StateLog_NQ.csv,skipped,"missing return_col, horizon_col, pressure_col",9681,"Instrument,SessionContext,BarIndex,Time,Open,High,Low,Close,MacroState,ActiveDirection,SponsorState,SponsorConfidence,SequencePhase,SequenceAuthority,MaturityLevel,DominanceScore,DegradationScore,BalanceScore,TransitionScore,AmbiguityScore,Events,SFCStatus,ExpectedNextBehavior,InvalidationCondition",,,,,,,,
outputs\block_bootstrap\block_bootstrap_distribution.csv,skipped,"missing return_col, instrument_col, horizon_col, archetype_col, pressure_col",90000,"method,block_size,boot_mean",,,,,,,,
outputs\block_bootstrap\block_bootstrap_summary.csv,skipped,"missing return_col, instrument_col, horizon_col, archetype_col, pressure_col",9,"method,block_size,n,observed_mean,observed_median,observed_std,observed_t_stat_naive,observed_positive_fraction,boot_mean_mean,boot_mean_std,ci_01,ci_05,ci_50,ci_95,ci_99,prob_mean_gt_0",,,,,,,,
outputs\block_bootstrap\input_diagnostics.csv,no_matching_rows,,151,"file,status,reason,rows,columns,selected_rows,return_col,instrument_col,horizon_col,archetype_col,pressure_col,direction_col,time_col",0.0,return_col,instrument_col,horizon_col,archetype_col,pressure_col,direction_col,time_col
outputs\block_bootstrap\selected_candidate_returns.csv,skipped,"missing instrument_col, horizon_col, archetype_col, pressure_col",20,"return,source_file,direction",,,,,,,,
tables\apva_archetype_inference_rules.csv,skipped,"missing return_col, instrument_col, horizon_col, pressure_col",5,"TrajectoryCluster,Archetype,MeanNextRunLength,MeanImmediateFailurePct,MeanDirectionalContinuationPct,Implication,ActionBias",,,,,,,,
tables\apva_auction_archetype_family_counts.csv,skipped,"missing return_col, instrument_col, horizon_col, pressure_col",15,"TrajectoryCluster,ExpectancyFamily,MotifCount,TotalOccurrences,MeanNextRunLength,MeanImmediateFailurePct,MeanDirectionalContinuationPct,Archetype",,,,,,,,
tables\apva_auction_archetype_members.csv,skipped,"missing return_col, instrument_col, horizon_col, pressure_col",85,"TrajectoryCluster,Quadruplet,PC1,PC2,PC3,Count,ConditionalProbability,UnresolvedCount,DirectionalCount,DegradingCount,BalanceCount,StateChanges,EndsDirectional,EndsDegrading,EndsBalance,EndsUnresolved,PersistentUnresolved,PersistentDirectional,PersistentDegrading,PersistentBalance,UnresolvedToDirectional,DirectionalToDegrading,BalanceUnresolvedLoop,DegradingUnresolvedLoop,Archetype",,,,,,,,
tables\apva_auction_archetype_summary.csv,skipped,"missing return_col, instrument_col, horizon_col, pressure_col",5,"TrajectoryCluster,MotifCount,TotalOccurrences,MeanConditionalProbability,MeanNextRunLength,MeanImmediateFailurePct,MeanDirectionalContinuationPct,MeanUnresolvedCount,MeanDirectionalCount,MeanDegradingCount,MeanBalanceCount,MeanStateChanges,Archetype",,,,,,,,
tables\apva_behavior_class_summary.csv,skipped,"missing return_col, instrument_col, horizon_col, archetype_col, pressure_col",6,"BehaviorClass,TrajectoryCount,MeanProbability,MeanEntropy,MeanSupport,MeanStability",,,,,,,,
tables\apva_canonical_archetype_counts.csv,skipped,"missing return_col, instrument_col, horizon_col, pressure_col",5,"CanonicalArchetype,Count",,,,,,,,
tables\apva_canonical_consistency_audit.csv,skipped,"missing return_col, instrument_col, horizon_col, archetype_col, pressure_col",3,"Metric,Value",,,,,,,,
tables\apva_cluster_members.csv,skipped,"missing return_col, instrument_col, horizon_col, archetype_col",12,"Cluster,Transition,MeanPriorRunLength,MeanEntropicCompression,MeanExpansionPressure,MeanIncubationQuality,MeanNextRunLength,ImmediateFailurePct,DirectionalContinuationPct",,,,,,,,
tables\apva_cluster_summary.csv,skipped,"missing return_col, instrument_col, horizon_col, archetype_col",4,"Cluster,MeanPriorRunLength,MeanEntropicCompression,MeanExpansionPressure,MeanIncubationQuality,MeanNextRunLength,ImmediateFailurePct,DirectionalContinuationPct",,,,,,,,
tables\apva_cross_instrument_archetype_pressure_summary_v2.csv,skipped,"missing return_col, horizon_col",15,"Instrument,ResolvedArchetype,Rows,MeanDirectionalReleasePressure,MeanExhaustionPressure,MeanCompressionPressure,MeanRotationalPressure,MeanEntropy,MeanVelocity",,,,,,,,
tables\apva_cross_instrument_dominant_pressure_counts_v2.csv,skipped,"missing return_col, horizon_col, archetype_col",9,"Instrument,DominantPressure,Count",,,,,,,,
tables\apva_cross_instrument_pressure_summary_v2.csv,skipped,"missing return_col, horizon_col, archetype_col",3,"Instrument,Rows,MeanDirectionalReleasePressure,MeanExhaustionPressure,MeanCompressionPressure,MeanRotationalPressure,MeanEntropy,MeanVelocity,MeanDirectionalPresence,SoftResolutionPct,MeanSimilarity",,,,,,,,
tables\apva_cross_instrument_pressure_timeline_v2.csv,skipped,"missing return_col, horizon_col",19050,"Instrument,File,BarIndex,Time,MacroState,Quadruplet,ResolvedArchetype,ResolutionMethod,Similarity,RollingEntropy,RollingVelocity,RollingDominantFraction,RollingDirectionalPresence,CurrentDirectionalEmergence,DirectionalReleasePressure,ExhaustionPressure,CompressionPressure,RotationalPressure,DominantPressure,DominantPressureValue",,,,,,,,
tables\apva_cross_instrument_summary.csv,skipped,"missing return_col, horizon_col, archetype_col, pressure_col",3,"Instrument,Files,MeanBars,MeanUnresolvedPct,MeanDirectionalPct,MeanDegradingPct,MeanBalancePct,MeanEntropy,MeanRunLength,MeanDirectionalRunLength",,,,,,,,
tables\apva_cross_instrument_validation.csv,skipped,"missing return_col, horizon_col, archetype_col, pressure_col",3,"Instrument,File,Bars,UnresolvedPct,DirectionalPct,DegradingPct,BalancePct,TopTransition,TopTransitionPct,MeanRunLength,Entropy,MeanDirectionalRunLength",,,,,,,,
tables\apva_directional_lift_quality_summary_v1.csv,skipped,"missing return_col, archetype_col, pressure_col",35,"Instrument,HorizonBars,ForecastQuality,Rows,TotalSupport,MeanFutureDirectionalProbability,MeanBaseline,MeanDirectionalLift,MeanDirectionalEdge",,,,,,,,
tables\apva_directional_lift_significance_summary_v1.csv,skipped,"missing return_col, archetype_col, pressure_col",34,"Instrument,HorizonBars,SignificanceClass,Rows,TotalSupport,MeanLift,MeanEdge,MeanZScore",,,,,,,,
tables\apva_directional_lift_significance_v1.csv,skipped,missing return_col,81,"Instrument,HorizonBars,ResolvedArchetype,DominantPressure,Count,FutureDirectionalProbability,MeanDirectionalReleasePressure,MeanExhaustionPressure,MeanCompressionPressure,MeanRotationalPressure,BaselineFutureDirectionalProbability,DirectionalLift,DirectionalEdge,ForecastQuality,ObservedSuccesses,ExpectedSuccesses,ZScore,PValue,WilsonCILow,WilsonCIHigh,SignificanceClass",,,,,,,,
tables\apva_dominant_forward_archetype_forecast_v1.csv,skipped,"missing return_col, pressure_col",45,"Instrument,HorizonBars,ResolvedArchetype,FutureArchetype,Count,Total,Probability",,,,,,,,
tables\apva_dominant_forward_pressure_forecast_v1.csv,skipped,missing return_col,27,"Instrument,HorizonBars,DominantPressure,FutureArchetype,Count,Total,Probability",,,,,,,,
tables\apva_dominant_pressure_counts.csv,skipped,"missing return_col, instrument_col, horizon_col, archetype_col",4,"DominantPressure,Count",,,,,,,,
tables\apva_dominant_pressure_counts_v2.csv,skipped,"missing return_col, instrument_col, horizon_col, archetype_col",3,"DominantPressure,Count",,,,,,,,
tables\apva_dominant_regime_paths.csv,skipped,"missing return_col, instrument_col, horizon_col, pressure_col",18,"CurrentArchetype,NextArchetype,Count,Total,Probability,IsSelfLoop",,,,,,,,
tables\apva_edge_bootstrap_confidence_v1.csv,skipped,missing return_col,18,"Instrument,HorizonBars,ResolvedArchetype,DominantPressure,SurvivorshipScore,SurvivorshipClass,DirectionalHitRate,MeanDirectionalMFE,MeanDirectionalMAE,Support,ObservedMean,ObservedMedian,ObservedStd,BootstrapMean,BootstrapStd,CILow_2p5,CIHigh_97p5,ProbabilityMeanPositive,ProbabilityMeanNegative,BootstrapConfidenceClass",,,,,,,,
tables\apva_edge_bootstrap_failed_candidates_v1.csv,skipped,missing return_col,3,"Instrument,HorizonBars,ResolvedArchetype,DominantPressure,SurvivorshipScore,SurvivorshipClass,DirectionalHitRate,MeanDirectionalMFE,MeanDirectionalMAE,Support,ObservedMean,ObservedMedian,ObservedStd,BootstrapMean,BootstrapStd,CILow_2p5,CIHigh_97p5,ProbabilityMeanPositive,ProbabilityMeanNegative,BootstrapConfidenceClass",,,,,,,,
tables\apva_edge_bootstrap_summary_v1.csv,skipped,"missing instrument_col, horizon_col, archetype_col, pressure_col",3,"BootstrapConfidenceClass,Rows,MeanObservedReturn,MeanProbabilityPositive,MeanSupport",,,,,,,,
tables\apva_edge_bootstrap_top_survivors_v1.csv,skipped,missing return_col,15,"Instrument,HorizonBars,ResolvedArchetype,DominantPressure,SurvivorshipScore,SurvivorshipClass,DirectionalHitRate,MeanDirectionalMFE,MeanDirectionalMAE,Support,ObservedMean,ObservedMedian,ObservedStd,BootstrapMean,BootstrapStd,CILow_2p5,CIHigh_97p5,ProbabilityMeanPositive,ProbabilityMeanNegative,BootstrapConfidenceClass",,,,,,,,
tables\apva_edge_inventory_failed_edges_v1.csv,no_matching_rows,,42,"Instrument,HorizonBars,ResolvedArchetype,DominantPressure,InSampleSupport,InSampleMeanReturn,InSampleMedianReturn,InSampleHitRate,InSampleMFE,InSampleMAE,InSampleTStat,InSampleSignificance,WFTrainSupport,WFTrainMeanReturn,WFTrainHitRate,WFTrainTStat,WFValidationSupport,WFValidationMeanReturn,WFValidationHitRate,WFValidationTStat,WFGeneralizationClass,ValidationRetainsPositiveEdge,ValidationFlipsNegative,NOOffsetCount,NOTotalSupport,NOMeanReturn,NOMedianReturn,NOMeanTStat,NOMaxTStat,NOMinTStat,NOHitRate,NOMFE,NOMAE,NOPositiveOffsetFraction,NONegativeOffsetFraction,NORobustnessClass,InSampleComponent,WalkForwardComponent,NonOverlapComponent,FailurePenalty,SurvivorshipScore,SurvivorshipClass",0.0,InSampleMeanReturn,Instrument,HorizonBars,ResolvedArchetype,DominantPressure,,
tables\apva_edge_inventory_summary_v1.csv,skipped,"missing archetype_col, pressure_col",39,"Instrument,HorizonBars,SurvivorshipClass,Rows,MeanScore,MeanInSampleReturn,MeanWFValidationReturn,MeanNOMeanReturn,MeanNOPositiveOffsetFraction",,,,,,,,
tables\apva_edge_inventory_survivorship_ranking_v1.csv,selected,,105,"Instrument,HorizonBars,ResolvedArchetype,DominantPressure,InSampleSupport,InSampleMeanReturn,InSampleMedianReturn,InSampleHitRate,InSampleMFE,InSampleMAE,InSampleTStat,InSampleSignificance,WFTrainSupport,WFTrainMeanReturn,WFTrainHitRate,WFTrainTStat,WFValidationSupport,WFValidationMeanReturn,WFValidationHitRate,WFValidationTStat,WFGeneralizationClass,ValidationRetainsPositiveEdge,ValidationFlipsNegative,NOOffsetCount,NOTotalSupport,NOMeanReturn,NOMedianReturn,NOMeanTStat,NOMaxTStat,NOMinTStat,NOHitRate,NOMFE,NOMAE,NOPositiveOffsetFraction,NONegativeOffsetFraction,NORobustnessClass,InSampleComponent,WalkForwardComponent,NonOverlapComponent,FailurePenalty,SurvivorshipScore,SurvivorshipClass",1.0,InSampleMeanReturn,Instrument,HorizonBars,ResolvedArchetype,DominantPressure,,
tables\apva_edge_inventory_top_survivors_v1.csv,selected,,18,"Instrument,HorizonBars,ResolvedArchetype,DominantPressure,InSampleSupport,InSampleMeanReturn,InSampleMedianReturn,InSampleHitRate,InSampleMFE,InSampleMAE,InSampleTStat,InSampleSignificance,WFTrainSupport,WFTrainMeanReturn,WFTrainHitRate,WFTrainTStat,WFValidationSupport,WFValidationMeanReturn,WFValidationHitRate,WFValidationTStat,WFGeneralizationClass,ValidationRetainsPositiveEdge,ValidationFlipsNegative,NOOffsetCount,NOTotalSupport,NOMeanReturn,NOMedianReturn,NOMeanTStat,NOMaxTStat,NOMinTStat,NOHitRate,NOMFE,NOMAE,NOPositiveOffsetFraction,NONegativeOffsetFraction,NORobustnessClass,InSampleComponent,WalkForwardComponent,NonOverlapComponent,FailurePenalty,SurvivorshipScore,SurvivorshipClass",1.0,InSampleMeanReturn,Instrument,HorizonBars,ResolvedArchetype,DominantPressure,,
tables\apva_feature_redundancy_pairs.csv,skipped,"missing return_col, instrument_col, horizon_col, archetype_col, pressure_col",21,"FeatureA,FeatureB,Correlation,AbsCorrelation",,,,,,,,
tables\apva_file_level_walk_forward_dataset_v1.csv,no_matching_rows,,55806,"Instrument,File,BarIndex,Time,MacroState,Quadruplet,ResolvedArchetype,ResolutionMethod,Similarity,RollingEntropy,RollingVelocity,RollingDominantFraction,RollingDirectionalPresence,CurrentDirectionalEmergence,DirectionalReleasePressure,ExhaustionPressure,CompressionPressure,RotationalPressure,DominantPressure,DominantPressureValue,Open,High,Low,Close,ActiveDirection,DirectionSign,PrevClose,TR,ATR14,HorizonBars,FutureClose,RawReturn,NormalizedReturn,SignedReturn,SignedNormalizedReturn,DirectionalMFE,DirectionalMAE,DirectionalNormalizedMFE,DirectionalNormalizedMAE,DirectionalHit,HasDirection,WalkForwardSplit,WalkForwardSplitMode,TrainFileCount,ValidationFileCount",0.0,SignedReturn,Instrument,HorizonBars,ResolvedArchetype,CompressionPressure,ActiveDirection,Time
tables\apva_file_level_walk_forward_expectancy_by_split_v1.csv,selected,,207,"Instrument,HorizonBars,ResolvedArchetype,DominantPressure,WalkForwardSplit,WalkForwardSplitMode,Count,MeanSignedReturn,MedianSignedReturn,StdSignedReturn,DirectionalHitRate,MeanDirectionalMFE,MeanDirectionalMAE",2.0,MeanSignedReturn,Instrument,HorizonBars,ResolvedArchetype,DominantPressure,DirectionalHitRate,
tables\apva_file_level_walk_forward_failed_positive_edges_v1.csv,no_matching_rows,,16,"Instrument,HorizonBars,ResolvedArchetype,DominantPressure,WalkForwardSplitMode,Count_Train,MeanSignedReturn_Train,MedianSignedReturn_Train,StdSignedReturn_Train,DirectionalHitRate_Train,MeanDirectionalMFE_Train,MeanDirectionalMAE_Train,Count_Validation,MeanSignedReturn_Validation,MedianSignedReturn_Validation,StdSignedReturn_Validation,DirectionalHitRate_Validation,MeanDirectionalMFE_Validation,MeanDirectionalMAE_Validation,Supported,ReturnSignAgreement,HitRateDelta,ReturnDelta,ValidationRetainsPositiveEdge,ValidationFlipsNegative,TrainTStat,ValidationTStat,GeneralizationClass",0.0,MeanSignedReturn_Train,Instrument,HorizonBars,ResolvedArchetype,DominantPressure,DirectionalHitRate_Train,
tables\apva_file_level_walk_forward_generalization_summary_v1.csv,skipped,"missing archetype_col, pressure_col",36,"Instrument,HorizonBars,WalkForwardSplitMode,GeneralizationClass,Rows,MeanTrainReturn,MeanValidationReturn,MeanValidationTStat,MeanReturnDelta",,,,,,,,
tables\apva_file_level_walk_forward_positive_validation_edges_v1.csv,selected,,14,"Instrument,HorizonBars,ResolvedArchetype,DominantPressure,WalkForwardSplitMode,Count_Train,MeanSignedReturn_Train,MedianSignedReturn_Train,StdSignedReturn_Train,DirectionalHitRate_Train,MeanDirectionalMFE_Train,MeanDirectionalMAE_Train,Count_Validation,MeanSignedReturn_Validation,MedianSignedReturn_Validation,StdSignedReturn_Validation,DirectionalHitRate_Validation,MeanDirectionalMFE_Validation,MeanDirectionalMAE_Validation,Supported,ReturnSignAgreement,HitRateDelta,ReturnDelta,ValidationRetainsPositiveEdge,ValidationFlipsNegative,TrainTStat,ValidationTStat,GeneralizationClass",1.0,MeanSignedReturn_Train,Instrument,HorizonBars,ResolvedArchetype,DominantPressure,DirectionalHitRate_Train,
tables\apva_file_level_walk_forward_supported_edges_v1.csv,selected,,72,"Instrument,HorizonBars,ResolvedArchetype,DominantPressure,WalkForwardSplitMode,Count_Train,MeanSignedReturn_Train,MedianSignedReturn_Train,StdSignedReturn_Train,DirectionalHitRate_Train,MeanDirectionalMFE_Train,MeanDirectionalMAE_Train,Count_Validation,MeanSignedReturn_Validation,MedianSignedReturn_Validation,StdSignedReturn_Validation,DirectionalHitRate_Validation,MeanDirectionalMFE_Validation,MeanDirectionalMAE_Validation,Supported,ReturnSignAgreement,HitRateDelta,ReturnDelta,ValidationRetainsPositiveEdge,ValidationFlipsNegative,TrainTStat,ValidationTStat,GeneralizationClass",1.0,MeanSignedReturn_Train,Instrument,HorizonBars,ResolvedArchetype,DominantPressure,DirectionalHitRate_Train,
tables\apva_forward_archetype_forecast_surface_v1.csv,skipped,"missing return_col, pressure_col",225,"Instrument,HorizonBars,ResolvedArchetype,FutureArchetype,Count,Total,Probability",,,,,,,,
tables\apva_forward_directional_baseline_v1.csv,skipped,"missing return_col, archetype_col, pressure_col",9,"Instrument,HorizonBars,BaselineFutureDirectionalProbability",,,,,,,,
tables\apva_forward_directional_lift_v1.csv,skipped,missing return_col,105,"Instrument,HorizonBars,ResolvedArchetype,DominantPressure,Count,FutureDirectionalProbability,MeanDirectionalReleasePressure,MeanExhaustionPressure,MeanCompressionPressure,MeanRotationalPressure,BaselineFutureDirectionalProbability,DirectionalLift,DirectionalEdge,ForecastQuality",,,,,,,,
tables\apva_forward_directional_probability_v1.csv,skipped,missing return_col,105,"Instrument,HorizonBars,ResolvedArchetype,DominantPressure,Count,FutureDirectionalProbability,MeanDirectionalReleasePressure,MeanExhaustionPressure,MeanCompressionPressure,MeanRotationalPressure",,,,,,,,
tables\apva_forward_pressure_forecast_surface_v1.csv,skipped,missing return_col,135,"Instrument,HorizonBars,DominantPressure,FutureArchetype,Count,Total,Probability",,,,,,,,
tables\apva_forward_return_baseline_v1.csv,skipped,"missing archetype_col, pressure_col",9,"Instrument,HorizonBars,BaselineMeanReturn,BaselineDirectionalHitRate",,,,,,,,
tables\apva_forward_return_dataset_v1.csv,no_matching_rows,,55806,"Instrument,File,BarIndex,Time,MacroState,Quadruplet,ResolvedArchetype,ResolutionMethod,Similarity,RollingEntropy,RollingVelocity,RollingDominantFraction,RollingDirectionalPresence,CurrentDirectionalEmergence,DirectionalReleasePressure,ExhaustionPressure,CompressionPressure,RotationalPressure,DominantPressure,DominantPressureValue,Open,High,Low,Close,PrevClose,TR,ATR14,HorizonBars,FutureClose,RawReturn,NormalizedReturn,MFE,MAE,NormalizedMFE,NormalizedMAE,DirectionalHit",0.0,RawReturn,Instrument,HorizonBars,ResolvedArchetype,CompressionPressure,RollingDirectionalPresence,Time
tables\apva_forward_return_expectancy_v1.csv,selected,,105,"Instrument,HorizonBars,ResolvedArchetype,DominantPressure,Count,MeanReturn,MedianReturn,MeanMFE,MeanMAE,DirectionalHitRate,StdReturn,BaselineMeanReturn,BaselineDirectionalHitRate,ReturnEdge,DirectionalHitLift,ReturnTStat,ReturnSignificance",1.0,MeanReturn,Instrument,HorizonBars,ResolvedArchetype,DominantPressure,DirectionalHitRate,
tables\apva_forward_signed_return_baseline_v1.csv,skipped,"missing archetype_col, pressure_col",9,"Instrument,HorizonBars,BaselineMeanSignedReturn,BaselineDirectionalHitRate",,,,,,,,
tables\apva_forward_signed_return_dataset_v1.csv,no_matching_rows,,55806,"Instrument,File,BarIndex,Time,MacroState,Quadruplet,ResolvedArchetype,ResolutionMethod,Similarity,RollingEntropy,RollingVelocity,RollingDominantFraction,RollingDirectionalPresence,CurrentDirectionalEmergence,DirectionalReleasePressure,ExhaustionPressure,CompressionPressure,RotationalPressure,DominantPressure,DominantPressureValue,Open,High,Low,Close,ActiveDirection,DirectionSign,PrevClose,TR,ATR14,HorizonBars,FutureClose,RawReturn,NormalizedReturn,SignedReturn,SignedNormalizedReturn,DirectionalMFE,DirectionalMAE,DirectionalNormalizedMFE,DirectionalNormalizedMAE,DirectionalHit,HasDirection",0.0,SignedReturn,Instrument,HorizonBars,ResolvedArchetype,CompressionPressure,ActiveDirection,Time
tables\apva_forward_signed_return_expectancy_v1.csv,selected,,105,"Instrument,HorizonBars,ResolvedArchetype,DominantPressure,Count,MeanSignedReturn,MedianSignedReturn,MeanDirectionalMFE,MeanDirectionalMAE,DirectionalHitRate,StdSignedReturn,BaselineMeanSignedReturn,BaselineDirectionalHitRate,SignedReturnEdge,DirectionalHitLift,SignedReturnTStat,SignedReturnSignificance",1.0,MeanSignedReturn,Instrument,HorizonBars,ResolvedArchetype,DominantPressure,MeanDirectionalMFE,
tables\apva_latest_canonical_snapshot.csv,skipped,"missing return_col, instrument_col, horizon_col, pressure_col",25,"BarIndex,Time,Quadruplet,TrajectoryCluster,Archetype,ExpectancyFamily,Count,ConditionalProbability,FinalTransition,MeanNextRunLength,ImmediateFailurePct,DirectionalContinuationPct,DominantNextArchetype,RegimeMigrationProbability,IsSelfLoopDominant,Implication,ActionBias,SoftArchetype,SoftVoteSimilarity,SoftMeanDistance,NearestNeighbor,NearestNeighborArchetype,Implication_Soft,ActionBias_Soft,ResolvedArchetype,ResolvedActionBias,ResolvedImplication,CanonicalImplication,CanonicalActionBias",,,,,,,,
tables\apva_latest_regime_inference_snapshot.csv,skipped,"missing return_col, instrument_col, horizon_col, pressure_col",25,"BarIndex,Time,Quadruplet,TrajectoryCluster,Archetype,ExpectancyFamily,Count,ConditionalProbability,FinalTransition,MeanNextRunLength,ImmediateFailurePct,DirectionalContinuationPct,DominantNextArchetype,RegimeMigrationProbability,IsSelfLoopDominant,Implication,ActionBias",,,,,,,,
tables\apva_latest_regime_pressure_snapshot.csv,skipped,"missing return_col, instrument_col, horizon_col",50,"BarIndex,Time,ResolvedArchetype,Quadruplet,RollingEntropy,RollingVelocity,RollingDominantFraction,RollingMeanFailure,RollingMeanContinuation,RollingMeanMigrationProbability,DirectionalReleasePressure,ExhaustionPressure,CompressionPressure,RotationalPressure,DominantPressure,DominantPressureValue",,,,,,,,
tables\apva_latest_regime_pressure_snapshot_v2.csv,skipped,"missing return_col, instrument_col, horizon_col",50,"BarIndex,Time,ResolvedArchetype,Quadruplet,RollingEntropy,RollingVelocity,RollingDominantFraction,RollingDirectionalPresence,CurrentDirectionalEmergence,RollingMeanFailure,RollingMeanContinuation,RollingMeanMigrationProbability,DirectionalReleasePressure,ExhaustionPressure,CompressionPressure,RotationalPressure,DominantPressure,DominantPressureValue",,,,,,,,
tables\apva_latest_soft_resolved_snapshot.csv,skipped,"missing return_col, instrument_col, horizon_col, pressure_col",25,"BarIndex,Time,Quadruplet,TrajectoryCluster,Archetype,ExpectancyFamily,Count,ConditionalProbability,FinalTransition,MeanNextRunLength,ImmediateFailurePct,DirectionalContinuationPct,DominantNextArchetype,RegimeMigrationProbability,IsSelfLoopDominant,Implication,ActionBias,SoftArchetype,SoftVoteSimilarity,SoftMeanDistance,NearestNeighbor,NearestNeighborArchetype,Implication_Soft,ActionBias_Soft,ResolvedArchetype,ResolvedActionBias,ResolvedImplication",,,,,,,,
tables\apva_most_chaotic_trajectories.csv,skipped,"missing return_col, instrument_col, horizon_col, pressure_col",96,"CurrentQuadruplet,DominantNextState,DominantNextStateCount,TotalCount,DominantNextStateProbability,NextStateEntropy,DistinctNextStates,PredictabilityClass",,,,,,,,
tables\apva_next_state_transition_surface.csv,skipped,"missing return_col, instrument_col, horizon_col, pressure_col",139,"CurrentQuadruplet,NextState,Count,TotalCount,Probability",,,,,,,,
tables\apva_nonoverlap_edge_class_summary_v1.csv,skipped,"missing archetype_col, pressure_col",14,"Instrument,HorizonBars,NonOverlapRobustnessClass,Rows,MeanOffsetReturn,MeanOffsetTStat,MeanPositiveOffsetFraction,MeanTotalSupport",,,,,,,,
tables\apva_nonoverlap_forward_signed_return_dataset_v1.csv,no_matching_rows,,55806,"Instrument,File,BarIndex,Time,MacroState,Quadruplet,ResolvedArchetype,ResolutionMethod,Similarity,RollingEntropy,RollingVelocity,RollingDominantFraction,RollingDirectionalPresence,CurrentDirectionalEmergence,DirectionalReleasePressure,ExhaustionPressure,CompressionPressure,RotationalPressure,DominantPressure,DominantPressureValue,Open,High,Low,Close,ActiveDirection,DirectionSign,PrevClose,TR,ATR14,HorizonBars,FutureClose,RawReturn,NormalizedReturn,SignedReturn,SignedNormalizedReturn,DirectionalMFE,DirectionalMAE,DirectionalNormalizedMFE,DirectionalNormalizedMAE,DirectionalHit,HasDirection,NonOverlapOffset,NonOverlapStride,NonOverlapMode",0.0,SignedReturn,Instrument,HorizonBars,ResolvedArchetype,CompressionPressure,ActiveDirection,Time
tables\apva_nonoverlap_negative_signed_return_edges_v1.csv,no_matching_rows,,5,"Instrument,HorizonBars,ResolvedArchetype,DominantPressure,OffsetCount,TotalSupport,MeanOfOffsetReturns,MedianOfOffsetReturns,StdOfOffsetReturns,MeanOffsetTStat,MaxOffsetTStat,MinOffsetTStat,MeanDirectionalHitRate,MeanDirectionalMFE,MeanDirectionalMAE,PositiveOffsetFraction,NegativeOffsetFraction,NonOverlapRobustnessClass",0.0,MeanOfOffsetReturns,Instrument,HorizonBars,ResolvedArchetype,DominantPressure,MeanDirectionalHitRate,
tables\apva_nonoverlap_positive_signed_return_edges_v1.csv,selected,,1,"Instrument,HorizonBars,ResolvedArchetype,DominantPressure,OffsetCount,TotalSupport,MeanOfOffsetReturns,MedianOfOffsetReturns,StdOfOffsetReturns,MeanOffsetTStat,MaxOffsetTStat,MinOffsetTStat,MeanDirectionalHitRate,MeanDirectionalMFE,MeanDirectionalMAE,PositiveOffsetFraction,NegativeOffsetFraction,NonOverlapRobustnessClass",1.0,MeanOfOffsetReturns,Instrument,HorizonBars,ResolvedArchetype,DominantPressure,MeanDirectionalHitRate,
tables\apva_nonoverlap_signed_return_edge_summary_v1.csv,selected,,58,"Instrument,HorizonBars,ResolvedArchetype,DominantPressure,OffsetCount,TotalSupport,MeanOfOffsetReturns,MedianOfOffsetReturns,StdOfOffsetReturns,MeanOffsetTStat,MaxOffsetTStat,MinOffsetTStat,MeanDirectionalHitRate,MeanDirectionalMFE,MeanDirectionalMAE,PositiveOffsetFraction,NegativeOffsetFraction,NonOverlapRobustnessClass",1.0,MeanOfOffsetReturns,Instrument,HorizonBars,ResolvedArchetype,DominantPressure,MeanDirectionalHitRate,
tables\apva_nonoverlap_signed_return_expectancy_by_offset_v1.csv,selected,,1128,"Instrument,HorizonBars,NonOverlapOffset,ResolvedArchetype,DominantPressure,Count,MeanSignedReturn,MedianSignedReturn,StdSignedReturn,DirectionalHitRate,MeanDirectionalMFE,MeanDirectionalMAE,TStat",5.0,MeanSignedReturn,Instrument,HorizonBars,ResolvedArchetype,DominantPressure,DirectionalHitRate,
tables\apva_online_action_bias_counts.csv,skipped,"missing return_col, instrument_col, horizon_col, archetype_col, pressure_col",6,"ActionBias,Count",,,,,,,,
tables\apva_online_archetype_counts.csv,skipped,"missing return_col, instrument_col, horizon_col, pressure_col",6,"Archetype,Count",,,,,,,,
tables\apva_online_archetype_inference_examples.csv,skipped,"missing return_col, instrument_col, horizon_col, pressure_col",5,"Quadruplet,Known,TrajectoryCluster,Archetype,ExpectancyFamily,Count,ConditionalProbability,FinalTransition,MeanNextRunLength,ImmediateFailurePct,DirectionalContinuationPct,Implication,ActionBias",,,,,,,,
tables\apva_online_archetype_lookup.csv,skipped,"missing return_col, instrument_col, horizon_col, pressure_col",85,"Quadruplet,TrajectoryCluster,Archetype,ExpectancyFamily,Count,ConditionalProbability,FinalTransition,MeanNextRunLength,ImmediateFailurePct,DirectionalContinuationPct,UnresolvedCount,DirectionalCount,DegradingCount,BalanceCount,StateChanges,EndsDirectional,EndsDegrading,EndsBalance,EndsUnresolved,PersistentUnresolved,PersistentDirectional,PersistentDegrading,PersistentBalance,UnresolvedToDirectional,DirectionalToDegrading,BalanceUnresolvedLoop,DegradingUnresolvedLoop",,,,,,,,
tables\apva_online_regime_inference_soft_resolved.csv,skipped,"missing return_col, instrument_col, horizon_col, pressure_col",3145,"BarIndex,Time,Quadruplet,TrajectoryCluster,Archetype,ExpectancyFamily,Count,ConditionalProbability,FinalTransition,MeanNextRunLength,ImmediateFailurePct,DirectionalContinuationPct,DominantNextArchetype,RegimeMigrationProbability,IsSelfLoopDominant,Implication,ActionBias,SoftArchetype,SoftVoteSimilarity,SoftMeanDistance,NearestNeighbor,NearestNeighborArchetype,Implication_Soft,ActionBias_Soft,ResolvedArchetype,ResolvedActionBias,ResolvedImplication",,,,,,,,
tables\apva_online_regime_inference_soft_resolved_normalized.csv,skipped,"missing return_col, instrument_col, horizon_col, pressure_col",3145,"BarIndex,Time,Quadruplet,TrajectoryCluster,Archetype,ExpectancyFamily,Count,ConditionalProbability,FinalTransition,MeanNextRunLength,ImmediateFailurePct,DirectionalContinuationPct,DominantNextArchetype,RegimeMigrationProbability,IsSelfLoopDominant,Implication,ActionBias,SoftArchetype,SoftVoteSimilarity,SoftMeanDistance,NearestNeighbor,NearestNeighborArchetype,Implication_Soft,ActionBias_Soft,ResolvedArchetype,ResolvedActionBias,ResolvedImplication,CanonicalImplication,CanonicalActionBias",,,,,,,,
tables\apva_online_regime_inference_timeline.csv,skipped,"missing return_col, instrument_col, horizon_col, pressure_col",3145,"BarIndex,Time,Quadruplet,TrajectoryCluster,Archetype,ExpectancyFamily,Count,ConditionalProbability,FinalTransition,MeanNextRunLength,ImmediateFailurePct,DirectionalContinuationPct,DominantNextArchetype,RegimeMigrationProbability,IsSelfLoopDominant,Implication,ActionBias",,,,,,,,
tables\apva_pca_explained_variance.csv,skipped,"missing return_col, instrument_col, horizon_col, archetype_col, pressure_col",3,"Component,ExplainedVarianceRatio,CumulativeExplainedVariance",,,,,,,,
tables\apva_pca_feature_loadings.csv,skipped,"missing return_col, instrument_col, horizon_col, archetype_col, pressure_col",7,"Feature,PC1,PC2,PC3",,,,,,,,
tables\apva_regime_birth_precursor_summary.csv,skipped,"missing return_col, instrument_col, horizon_col, pressure_col",5,"ToArchetype,EventCount,PreEntropy_5,PreVelocity_5,PreDominantFraction_5,PreMeanFailure_5,PreMeanContinuation_5,PreMeanMigrationProb_5,PreUniqueArchetypes_5,PreEntropy_10,PreVelocity_10,PreDominantFraction_10,PreMeanFailure_10,PreMeanContinuation_10,PreMeanMigrationProb_10,PreUniqueArchetypes_10,PreEntropy_20,PreVelocity_20,PreDominantFraction_20,PreMeanFailure_20,PreMeanContinuation_20,PreMeanMigrationProb_20,PreUniqueArchetypes_20",,,,,,,,
tables\apva_regime_death_precursor_summary.csv,skipped,"missing return_col, instrument_col, horizon_col, pressure_col",5,"FromArchetype,EventCount,PreEntropy_5,PreVelocity_5,PreDominantFraction_5,PreMeanFailure_5,PreMeanContinuation_5,PreMeanMigrationProb_5,PreUniqueArchetypes_5,PreEntropy_10,PreVelocity_10,PreDominantFraction_10,PreMeanFailure_10,PreMeanContinuation_10,PreMeanMigrationProb_10,PreUniqueArchetypes_10,PreEntropy_20,PreVelocity_20,PreDominantFraction_20,PreMeanFailure_20,PreMeanContinuation_20,PreMeanMigrationProb_20,PreUniqueArchetypes_20",,,,,,,,
tables\apva_regime_pressure_summary.csv,skipped,"missing return_col, instrument_col, horizon_col",5,"ResolvedArchetype,Rows,MeanDirectionalReleasePressure,MeanExhaustionPressure,MeanCompressionPressure,MeanRotationalPressure,MeanEntropy,MeanVelocity,MeanDominantFraction",,,,,,,,
tables\apva_regime_pressure_summary_v2.csv,skipped,"missing return_col, instrument_col, horizon_col",5,"ResolvedArchetype,Rows,MeanDirectionalReleasePressure,MeanExhaustionPressure,MeanCompressionPressure,MeanRotationalPressure,MeanEntropy,MeanVelocity,MeanDominantFraction,MeanDirectionalPresence",,,,,,,,
tables\apva_regime_pressure_timeline.csv,skipped,"missing return_col, instrument_col, horizon_col",3145,"BarIndex,Time,ResolvedArchetype,Quadruplet,RollingEntropy,RollingVelocity,RollingDominantFraction,RollingMeanFailure,RollingMeanContinuation,RollingMeanMigrationProbability,DirectionalReleasePressure,ExhaustionPressure,CompressionPressure,RotationalPressure,DominantPressure,DominantPressureValue",,,,,,,,
tables\apva_regime_pressure_timeline_v2.csv,skipped,"missing return_col, instrument_col, horizon_col",3145,"BarIndex,Time,ResolvedArchetype,Quadruplet,RollingEntropy,RollingVelocity,RollingDominantFraction,RollingDirectionalPresence,CurrentDirectionalEmergence,RollingMeanFailure,RollingMeanContinuation,RollingMeanMigrationProbability,DirectionalReleasePressure,ExhaustionPressure,CompressionPressure,RotationalPressure,DominantPressure,DominantPressureValue",,,,,,,,
tables\apva_regime_stability_summary.csv,skipped,"missing return_col, instrument_col, horizon_col, pressure_col",6,"CurrentArchetype,TotalTransitions,SelfLoopProbability,DistinctTargets",,,,,,,,
tables\apva_regime_transition_matrix.csv,skipped,"missing return_col, instrument_col, horizon_col, pressure_col",6,"CurrentArchetype,Directional Continuation / Sponsor Release,Pure Unresolved Compression Equilibrium,Sponsor Exhaustion Collapse,Stable Compression Basin,Unknown,Unstable Rotational Balance",,,,,,,,
tables\apva_regime_transition_precursor_events.csv,skipped,"missing return_col, instrument_col, horizon_col, pressure_col",957,"BarIndex,Time,Transition,FromArchetype,ToArchetype,Quadruplet,PreEntropy_5,PreVelocity_5,PreDominantFraction_5,PreMeanFailure_5,PreMeanContinuation_5,PreMeanMigrationProb_5,PreUniqueArchetypes_5,PreEntropy_10,PreVelocity_10,PreDominantFraction_10,PreMeanFailure_10,PreMeanContinuation_10,PreMeanMigrationProb_10,PreUniqueArchetypes_10,PreEntropy_20,PreVelocity_20,PreDominantFraction_20,PreMeanFailure_20,PreMeanContinuation_20,PreMeanMigrationProb_20,PreUniqueArchetypes_20",,,,,,,,
tables\apva_regime_transition_precursor_summary.csv,skipped,"missing return_col, instrument_col, horizon_col, pressure_col",15,"Transition,EventCount,FromArchetype,ToArchetype,PreEntropy_5,PreVelocity_5,PreDominantFraction_5,PreMeanFailure_5,PreMeanContinuation_5,PreMeanMigrationProb_5,PreUniqueArchetypes_5,PreEntropy_10,PreVelocity_10,PreDominantFraction_10,PreMeanFailure_10,PreMeanContinuation_10,PreMeanMigrationProb_10,PreUniqueArchetypes_10,PreEntropy_20,PreVelocity_20,PreDominantFraction_20,PreMeanFailure_20,PreMeanContinuation_20,PreMeanMigrationProb_20,PreUniqueArchetypes_20",,,,,,,,
tables\apva_regime_transition_surface.csv,skipped,"missing return_col, instrument_col, horizon_col, pressure_col",29,"CurrentArchetype,NextArchetype,Count,Total,Probability,IsSelfLoop",,,,,,,,
tables\apva_sequence_space_model.csv,skipped,"missing return_col, instrument_col, horizon_col, pressure_col",96,"CurrentQuadruplet,DominantNextState,DominantNextStateCount,TotalCount,DominantNextStateProbability,NextStateEntropy,DistinctNextStates,PredictabilityClass",,,,,,,,
tables\apva_significant_negative_directional_lift_v1.csv,skipped,missing return_col,23,"Instrument,HorizonBars,ResolvedArchetype,DominantPressure,Count,FutureDirectionalProbability,MeanDirectionalReleasePressure,MeanExhaustionPressure,MeanCompressionPressure,MeanRotationalPressure,BaselineFutureDirectionalProbability,DirectionalLift,DirectionalEdge,ForecastQuality,ObservedSuccesses,ExpectedSuccesses,ZScore,PValue,WilsonCILow,WilsonCIHigh,SignificanceClass",,,,,,,,
tables\apva_significant_negative_return_edges_v1.csv,no_matching_rows,,6,"Instrument,HorizonBars,ResolvedArchetype,DominantPressure,Count,MeanReturn,MedianReturn,MeanMFE,MeanMAE,DirectionalHitRate,StdReturn,BaselineMeanReturn,BaselineDirectionalHitRate,ReturnEdge,DirectionalHitLift,ReturnTStat,ReturnSignificance",0.0,MeanReturn,Instrument,HorizonBars,ResolvedArchetype,DominantPressure,DirectionalHitRate,
tables\apva_significant_negative_signed_return_edges_v1.csv,no_matching_rows,,10,"Instrument,HorizonBars,ResolvedArchetype,DominantPressure,Count,MeanSignedReturn,MedianSignedReturn,MeanDirectionalMFE,MeanDirectionalMAE,DirectionalHitRate,StdSignedReturn,BaselineMeanSignedReturn,BaselineDirectionalHitRate,SignedReturnEdge,DirectionalHitLift,SignedReturnTStat,SignedReturnSignificance",0.0,MeanSignedReturn,Instrument,HorizonBars,ResolvedArchetype,DominantPressure,MeanDirectionalMFE,
tables\apva_significant_positive_directional_lift_v1.csv,skipped,missing return_col,16,"Instrument,HorizonBars,ResolvedArchetype,DominantPressure,Count,FutureDirectionalProbability,MeanDirectionalReleasePressure,MeanExhaustionPressure,MeanCompressionPressure,MeanRotationalPressure,BaselineFutureDirectionalProbability,DirectionalLift,DirectionalEdge,ForecastQuality,ObservedSuccesses,ExpectedSuccesses,ZScore,PValue,WilsonCILow,WilsonCIHigh,SignificanceClass",,,,,,,,
tables\apva_significant_positive_return_edges_v1.csv,no_matching_rows,,15,"Instrument,HorizonBars,ResolvedArchetype,DominantPressure,Count,MeanReturn,MedianReturn,MeanMFE,MeanMAE,DirectionalHitRate,StdReturn,BaselineMeanReturn,BaselineDirectionalHitRate,ReturnEdge,DirectionalHitLift,ReturnTStat,ReturnSignificance",0.0,MeanReturn,Instrument,HorizonBars,ResolvedArchetype,DominantPressure,DirectionalHitRate,
tables\apva_significant_positive_signed_return_edges_v1.csv,selected,,6,"Instrument,HorizonBars,ResolvedArchetype,DominantPressure,Count,MeanSignedReturn,MedianSignedReturn,MeanDirectionalMFE,MeanDirectionalMAE,DirectionalHitRate,StdSignedReturn,BaselineMeanSignedReturn,BaselineDirectionalHitRate,SignedReturnEdge,DirectionalHitLift,SignedReturnTStat,SignedReturnSignificance",1.0,MeanSignedReturn,Instrument,HorizonBars,ResolvedArchetype,DominantPressure,MeanDirectionalMFE,
tables\apva_soft_resolved_archetype_counts.csv,skipped,"missing return_col, instrument_col, horizon_col, pressure_col",8,"ResolvedArchetype,Count",,,,,,,,
tables\apva_supported_chaotic_trajectories.csv,skipped,"missing return_col, instrument_col, horizon_col, pressure_col",16,"CurrentQuadruplet,DominantNextState,DominantNextStateCount,TotalCount,DominantNextStateProbability,NextStateEntropy,DistinctNextStates,PredictabilityClass,BehaviorClass,StabilityScore",,,,,,,,
tables\apva_supported_forward_directional_lift_v1.csv,skipped,missing return_col,81,"Instrument,HorizonBars,ResolvedArchetype,DominantPressure,Count,FutureDirectionalProbability,MeanDirectionalReleasePressure,MeanExhaustionPressure,MeanCompressionPressure,MeanRotationalPressure,BaselineFutureDirectionalProbability,DirectionalLift,DirectionalEdge,ForecastQuality",,,,,,,,
tables\apva_supported_sequence_space_model.csv,skipped,"missing return_col, instrument_col, horizon_col, pressure_col",16,"CurrentQuadruplet,DominantNextState,DominantNextStateCount,TotalCount,DominantNextStateProbability,NextStateEntropy,DistinctNextStates,PredictabilityClass,BehaviorClass,StabilityScore",,,,,,,,
tables\apva_top_directional_continuation.csv,skipped,"missing return_col, archetype_col",12,"Instrument,SessionContext,TotalBars,Transition,Entries,MeanPriorRunLength,MeanSponsorConfidence,MaxSponsorConfidence,MeanDominanceScore,MeanDegradationScore,MeanBalanceScore,EventCount,MeanCompressionScore,MeanExpansionPressure,MeanStructuralCompression,MeanEntropicCompression,MeanIncubationQuality,MeanNextRunLength,ImmediateFailurePct,DirectionalContinuationPct",,,,,,,,
tables\apva_top_directional_trajectory_expectancy.csv,skipped,"missing return_col, instrument_col, horizon_col, pressure_col",85,"TrajectoryCluster,Quadruplet,PC1,PC2,PC3,Count,ConditionalProbability,UnresolvedCount,DirectionalCount,DegradingCount,BalanceCount,StateChanges,EndsDirectional,EndsDegrading,EndsBalance,EndsUnresolved,PersistentUnresolved,PersistentDirectional,PersistentDegrading,PersistentBalance,UnresolvedToDirectional,DirectionalToDegrading,BalanceUnresolvedLoop,DegradingUnresolvedLoop,FinalTransition,Occurrences,MeanNextRunLength,ImmediateFailurePct,DirectionalContinuationPct,ExpectancyFamily",,,,,,,,
tables\apva_top_failure_trajectory_expectancy.csv,skipped,"missing return_col, instrument_col, horizon_col, pressure_col",85,"TrajectoryCluster,Quadruplet,PC1,PC2,PC3,Count,ConditionalProbability,UnresolvedCount,DirectionalCount,DegradingCount,BalanceCount,StateChanges,EndsDirectional,EndsDegrading,EndsBalance,EndsUnresolved,PersistentUnresolved,PersistentDirectional,PersistentDegrading,PersistentBalance,UnresolvedToDirectional,DirectionalToDegrading,BalanceUnresolvedLoop,DegradingUnresolvedLoop,FinalTransition,Occurrences,MeanNextRunLength,ImmediateFailurePct,DirectionalContinuationPct,ExpectancyFamily",,,,,,,,
tables\apva_top_incubation_quality.csv,skipped,"missing return_col, archetype_col",12,"Instrument,SessionContext,TotalBars,Transition,Entries,MeanPriorRunLength,MeanSponsorConfidence,MaxSponsorConfidence,MeanDominanceScore,MeanDegradationScore,MeanBalanceScore,EventCount,MeanCompressionScore,MeanExpansionPressure,MeanStructuralCompression,MeanEntropicCompression,MeanIncubationQuality,MeanNextRunLength,ImmediateFailurePct,DirectionalContinuationPct",,,,,,,,
tables\apva_top_negative_directional_lift_v1.csv,skipped,missing return_col,81,"Instrument,HorizonBars,ResolvedArchetype,DominantPressure,Count,FutureDirectionalProbability,MeanDirectionalReleasePressure,MeanExhaustionPressure,MeanCompressionPressure,MeanRotationalPressure,BaselineFutureDirectionalProbability,DirectionalLift,DirectionalEdge,ForecastQuality",,,,,,,,
tables\apva_top_positive_directional_lift_v1.csv,skipped,missing return_col,81,"Instrument,HorizonBars,ResolvedArchetype,DominantPressure,Count,FutureDirectionalProbability,MeanDirectionalReleasePressure,MeanExhaustionPressure,MeanCompressionPressure,MeanRotationalPressure,BaselineFutureDirectionalProbability,DirectionalLift,DirectionalEdge,ForecastQuality",,,,,,,,
tables\apva_top_predictable_trajectories.csv,skipped,"missing return_col, instrument_col, horizon_col, pressure_col",96,"CurrentQuadruplet,DominantNextState,DominantNextStateCount,TotalCount,DominantNextStateProbability,NextStateEntropy,DistinctNextStates,PredictabilityClass",,,,,,,,
tables\apva_top_regime_transition_precursors.csv,skipped,"missing return_col, instrument_col, horizon_col, pressure_col",15,"Transition,EventCount,FromArchetype,ToArchetype,PreEntropy_5,PreVelocity_5,PreDominantFraction_5,PreMeanFailure_5,PreMeanContinuation_5,PreMeanMigrationProb_5,PreUniqueArchetypes_5,PreEntropy_10,PreVelocity_10,PreDominantFraction_10,PreMeanFailure_10,PreMeanContinuation_10,PreMeanMigrationProb_10,PreUniqueArchetypes_10,PreEntropy_20,PreVelocity_20,PreDominantFraction_20,PreMeanFailure_20,PreMeanContinuation_20,PreMeanMigrationProb_20,PreUniqueArchetypes_20",,,,,,,,
tables\apva_top_stable_trajectories.csv,skipped,"missing return_col, instrument_col, horizon_col, pressure_col",16,"CurrentQuadruplet,DominantNextState,DominantNextStateCount,TotalCount,DominantNextStateProbability,NextStateEntropy,DistinctNextStates,PredictabilityClass,BehaviorClass,StabilityScore",,,,,,,,
tables\apva_top_trajectory_motifs.csv,skipped,"missing return_col, instrument_col, horizon_col, pressure_col",85,"Quadruplet,Count,FirstState,SecondState,ThirdState,FourthState,UnresolvedCount,DirectionalCount,DegradingCount,BalanceCount,UnknownCount,StateChanges,EndsDirectional,EndsDegrading,EndsBalance,EndsUnresolved,PersistentUnresolved,PersistentDirectional,PersistentDegrading,PersistentBalance,UnresolvedToDirectional,DirectionalToDegrading,BalanceUnresolvedLoop,DegradingUnresolvedLoop,ConditionalProbability,TrajectoryCluster,PC1,PC2,PC3",,,,,,,,
tables\apva_trajectory_cluster_members.csv,skipped,"missing return_col, instrument_col, horizon_col, pressure_col",85,"TrajectoryCluster,Quadruplet,PC1,PC2,PC3,Count,ConditionalProbability,UnresolvedCount,DirectionalCount,DegradingCount,BalanceCount,StateChanges,EndsDirectional,EndsDegrading,EndsBalance,EndsUnresolved,PersistentUnresolved,PersistentDirectional,PersistentDegrading,PersistentBalance,UnresolvedToDirectional,DirectionalToDegrading,BalanceUnresolvedLoop,DegradingUnresolvedLoop",,,,,,,,
tables\apva_trajectory_cluster_summary.csv,skipped,"missing return_col, instrument_col, horizon_col, pressure_col",5,"TrajectoryCluster,Count,ConditionalProbability,UnresolvedCount,DirectionalCount,DegradingCount,BalanceCount,StateChanges,EndsDirectional,EndsDegrading,EndsBalance,EndsUnresolved,PersistentUnresolved,PersistentDirectional,PersistentDegrading,PersistentBalance,UnresolvedToDirectional,DirectionalToDegrading,BalanceUnresolvedLoop,DegradingUnresolvedLoop",,,,,,,,
tables\apva_trajectory_expectancy.csv,skipped,"missing return_col, instrument_col, horizon_col, pressure_col",85,"TrajectoryCluster,Quadruplet,PC1,PC2,PC3,Count,ConditionalProbability,UnresolvedCount,DirectionalCount,DegradingCount,BalanceCount,StateChanges,EndsDirectional,EndsDegrading,EndsBalance,EndsUnresolved,PersistentUnresolved,PersistentDirectional,PersistentDegrading,PersistentBalance,UnresolvedToDirectional,DirectionalToDegrading,BalanceUnresolvedLoop,DegradingUnresolvedLoop,FinalTransition,Occurrences,MeanNextRunLength,ImmediateFailurePct,DirectionalContinuationPct,ExpectancyFamily",,,,,,,,
tables\apva_trajectory_expectancy_cluster_summary.csv,skipped,"missing return_col, instrument_col, horizon_col, pressure_col",5,"TrajectoryCluster,MotifCount,TotalOccurrences,MeanConditionalProbability,MeanNextRunLength,MeanImmediateFailurePct,MeanDirectionalContinuationPct,MeanUnresolvedCount,MeanDirectionalCount,MeanDegradingCount,MeanBalanceCount,MeanStateChanges",,,,,,,,
tables\apva_trajectory_expectancy_family_counts.csv,skipped,"missing return_col, instrument_col, horizon_col, archetype_col, pressure_col",15,"TrajectoryCluster,ExpectancyFamily,MotifCount,TotalOccurrences,MeanNextRunLength,MeanImmediateFailurePct,MeanDirectionalContinuationPct",,,,,,,,
tables\apva_trajectory_features.csv,skipped,"missing return_col, instrument_col, horizon_col, pressure_col",85,"Quadruplet,Count,FirstState,SecondState,ThirdState,FourthState,UnresolvedCount,DirectionalCount,DegradingCount,BalanceCount,UnknownCount,StateChanges,EndsDirectional,EndsDegrading,EndsBalance,EndsUnresolved,PersistentUnresolved,PersistentDirectional,PersistentDegrading,PersistentBalance,UnresolvedToDirectional,DirectionalToDegrading,BalanceUnresolvedLoop,DegradingUnresolvedLoop,ConditionalProbability",,,,,,,,
tables\apva_trajectory_pca_explained_variance.csv,skipped,"missing return_col, instrument_col, horizon_col, archetype_col, pressure_col",3,"Component,ExplainedVarianceRatio,CumulativeExplainedVariance",,,,,,,,
tables\apva_trajectory_pca_feature_loadings.csv,skipped,"missing return_col, instrument_col, horizon_col, archetype_col, pressure_col",19,"Feature,PC1,PC2,PC3",,,,,,,,
tables\apva_transition_pca_coordinates.csv,skipped,"missing return_col, instrument_col, horizon_col, archetype_col, pressure_col",12,"PC1,PC2,PC3,Transition",,,,,,,,
tables\apva_unknown_trajectory_soft_assignments.csv,skipped,"missing return_col, instrument_col, horizon_col, pressure_col",68,"Quadruplet,SoftArchetype,SoftVoteSimilarity,SoftMeanDistance,SoftNeighborCount,NearestNeighbor,NearestNeighborArchetype,NearestNeighborDistance,Implication,ActionBias",,,,,,,,
tables\apva_unknown_trajectory_soft_assignments_normalized.csv,skipped,"missing return_col, instrument_col, horizon_col, pressure_col",68,"Quadruplet,SoftArchetype,SoftVoteSimilarity,SoftMeanDistance,SoftNeighborCount,NearestNeighbor,NearestNeighborArchetype,NearestNeighborDistance,Implication,ActionBias",,,,,,,,
tables\apva_walk_forward_expectancy_by_split_v1.csv,selected,,207,"Instrument,HorizonBars,ResolvedArchetype,DominantPressure,WalkForwardSplit,Count,MeanSignedReturn,MedianSignedReturn,StdSignedReturn,DirectionalHitRate,MeanDirectionalMFE,MeanDirectionalMAE",2.0,MeanSignedReturn,Instrument,HorizonBars,ResolvedArchetype,DominantPressure,DirectionalHitRate,
tables\apva_walk_forward_failed_positive_edges_v1.csv,no_matching_rows,,16,"Instrument,HorizonBars,ResolvedArchetype,DominantPressure,Count_Train,MeanSignedReturn_Train,MedianSignedReturn_Train,StdSignedReturn_Train,DirectionalHitRate_Train,MeanDirectionalMFE_Train,MeanDirectionalMAE_Train,Count_Validation,MeanSignedReturn_Validation,MedianSignedReturn_Validation,StdSignedReturn_Validation,DirectionalHitRate_Validation,MeanDirectionalMFE_Validation,MeanDirectionalMAE_Validation,Supported,ReturnSignAgreement,HitRateDelta,ReturnDelta,ValidationRetainsPositiveEdge,ValidationFlipsNegative,ValidationTStat,TrainTStat,GeneralizationClass",0.0,MeanSignedReturn_Train,Instrument,HorizonBars,ResolvedArchetype,DominantPressure,DirectionalHitRate_Train,
tables\apva_walk_forward_generalization_summary_v1.csv,skipped,"missing archetype_col, pressure_col",36,"Instrument,HorizonBars,GeneralizationClass,Rows,MeanTrainReturn,MeanValidationReturn,MeanValidationTStat,MeanReturnDelta",,,,,,,,
tables\apva_walk_forward_positive_validation_edges_v1.csv,selected,,14,"Instrument,HorizonBars,ResolvedArchetype,DominantPressure,Count_Train,MeanSignedReturn_Train,MedianSignedReturn_Train,StdSignedReturn_Train,DirectionalHitRate_Train,MeanDirectionalMFE_Train,MeanDirectionalMAE_Train,Count_Validation,MeanSignedReturn_Validation,MedianSignedReturn_Validation,StdSignedReturn_Validation,DirectionalHitRate_Validation,MeanDirectionalMFE_Validation,MeanDirectionalMAE_Validation,Supported,ReturnSignAgreement,HitRateDelta,ReturnDelta,ValidationRetainsPositiveEdge,ValidationFlipsNegative,ValidationTStat,TrainTStat,GeneralizationClass",1.0,MeanSignedReturn_Train,Instrument,HorizonBars,ResolvedArchetype,DominantPressure,DirectionalHitRate_Train,
tables\apva_walk_forward_signed_return_dataset_v1.csv,no_matching_rows,,55806,"Instrument,File,BarIndex,Time,MacroState,Quadruplet,ResolvedArchetype,ResolutionMethod,Similarity,RollingEntropy,RollingVelocity,RollingDominantFraction,RollingDirectionalPresence,CurrentDirectionalEmergence,DirectionalReleasePressure,ExhaustionPressure,CompressionPressure,RotationalPressure,DominantPressure,DominantPressureValue,Open,High,Low,Close,ActiveDirection,DirectionSign,PrevClose,TR,ATR14,HorizonBars,FutureClose,RawReturn,NormalizedReturn,SignedReturn,SignedNormalizedReturn,DirectionalMFE,DirectionalMAE,DirectionalNormalizedMFE,DirectionalNormalizedMAE,DirectionalHit,HasDirection,WalkForwardSplit",0.0,SignedReturn,Instrument,HorizonBars,ResolvedArchetype,CompressionPressure,ActiveDirection,Time
tables\apva_walk_forward_supported_edges_v1.csv,selected,,72,"Instrument,HorizonBars,ResolvedArchetype,DominantPressure,Count_Train,MeanSignedReturn_Train,MedianSignedReturn_Train,StdSignedReturn_Train,DirectionalHitRate_Train,MeanDirectionalMFE_Train,MeanDirectionalMAE_Train,Count_Validation,MeanSignedReturn_Validation,MedianSignedReturn_Validation,StdSignedReturn_Validation,DirectionalHitRate_Validation,MeanDirectionalMFE_Validation,MeanDirectionalMAE_Validation,Supported,ReturnSignAgreement,HitRateDelta,ReturnDelta,ValidationRetainsPositiveEdge,ValidationFlipsNegative,ValidationTStat,TrainTStat,GeneralizationClass",1.0,MeanSignedReturn_Train,Instrument,HorizonBars,ResolvedArchetype,DominantPressure,DirectionalHitRate_Train,
tables\apva_worst_immediate_failure.csv,skipped,"missing return_col, archetype_col",12,"Instrument,SessionContext,TotalBars,Transition,Entries,MeanPriorRunLength,MeanSponsorConfidence,MaxSponsorConfidence,MeanDominanceScore,MeanDegradationScore,MeanBalanceScore,EventCount,MeanCompressionScore,MeanExpansionPressure,MeanStructuralCompression,MeanEntropicCompression,MeanIncubationQuality,MeanNextRunLength,ImmediateFailurePct,DirectionalContinuationPct",,,,,,,,
