CurrentQuadruplet,NextState,Count,TotalCount,Probability
Balance->Balance->Balance->Balance,Balance,1,3,0.3333333333333333
Balance->Balance->Balance->Balance,Degrading,1,3,0.3333333333333333
Balance->Balance->Balance->Balance,Unresolved,1,3,0.3333333333333333
Balance->Balance->Balance->Degrading,Balance,1,1,1.0
Balance->Balance->Balance->Unresolved,Unresolved,3,3,1.0
Balance->Balance->Degrading->Balance,Degrading,1,1,1.0
Balance->Balance->Unresolved->Degrading,Balance,1,2,0.5
Balance->Balance->Unresolved->Degrading,Degrading,1,2,0.5
Balance->Balance->Unresolved->Directional,Directional,1,1,1.0
Balance->Balance->Unresolved->Unresolved,Balance,3,7,0.42857142857142855
Balance->Balance->Unresolved->Unresolved,Unresolved,4,7,0.5714285714285714
Balance->Degrading->Balance->Degrading,Unresolved,1,1,1.0
Balance->Degrading->Balance->Unresolved,Balance,1,1,1.0
Balance->Degrading->Degrading->Unresolved,Unresolved,2,2,1.0
Balance->Degrading->Unresolved->Unresolved,Degrading,1,1,1.0
Balance->Unresolved->Balance->Balance,Balance,2,4,0.5
Balance->Unresolved->Balance->Balance,Unresolved,2,4,0.5
Balance->Unresolved->Balance->Unresolved,Unresolved,1,1,1.0
Balance->Unresolved->Degrading->Balance,Unresolved,1,1,1.0
Balance->Unresolved->Degrading->Degrading,Degrading,1,1,1.0
Balance->Unresolved->Directional->Directional,Balance,1,1,1.0
Balance->Unresolved->Unresolved->Balance,Balance,2,5,0.4
Balance->Unresolved->Unresolved->Balance,Unresolved,3,5,0.6
Balance->Unresolved->Unresolved->Unresolved,Balance,4,15,0.26666666666666666
Balance->Unresolved->Unresolved->Unresolved,Degrading,1,15,0.06666666666666667
Balance->Unresolved->Unresolved->Unresolved,Unresolved,10,15,0.6666666666666666
Degrading->Balance->Degrading->Balance,Unresolved,1,1,1.0
Degrading->Balance->Degrading->Degrading,Unresolved,2,2,1.0
Degrading->Balance->Degrading->Unresolved,Unresolved,1,1,1.0
Degrading->Balance->Unresolved->Balance,Balance,3,3,1.0
Degrading->Balance->Unresolved->Unresolved,Unresolved,1,1,1.0
Degrading->Degrading->Balance->Degrading,Degrading,1,1,1.0
Degrading->Degrading->Balance->Unresolved,Balance,1,1,1.0
Degrading->Degrading->Degrading->Balance,Unresolved,1,1,1.0
Degrading->Degrading->Degrading->Degrading,Degrading,6,9,0.6666666666666666
Degrading->Degrading->Degrading->Degrading,Unresolved,3,9,0.3333333333333333
Degrading->Degrading->Degrading->Directional,Directional,1,1,1.0
Degrading->Degrading->Degrading->Unresolved,Balance,1,3,0.3333333333333333
Degrading->Degrading->Degrading->Unresolved,Degrading,1,3,0.3333333333333333
Degrading->Degrading->Degrading->Unresolved,Unresolved,1,3,0.3333333333333333
Degrading->Degrading->Directional->Directional,Directional,1,1,1.0
Degrading->Degrading->Unresolved->Balance,Unresolved,1,1,1.0
Degrading->Degrading->Unresolved->Degrading,Unresolved,1,1,1.0
Degrading->Degrading->Unresolved->Unresolved,Balance,1,4,0.25
Degrading->Degrading->Unresolved->Unresolved,Degrading,1,4,0.25
Degrading->Degrading->Unresolved->Unresolved,Unresolved,2,4,0.5
Degrading->Directional->Degrading->Balance,Unresolved,1,1,1.0
Degrading->Directional->Degrading->Unresolved,Degrading,1,1,1.0
Degrading->Directional->Directional->Directional,Degrading,1,1,1.0
Degrading->Unresolved->Balance->Unresolved,Balance,1,1,1.0
Degrading->Unresolved->Degrading->Degrading,Degrading,1,1,1.0
Degrading->Unresolved->Degrading->Unresolved,Unresolved,2,2,1.0
Degrading->Unresolved->Directional->Directional,Directional,1,1,1.0
Degrading->Unresolved->Unresolved->Balance,Unresolved,3,3,1.0
Degrading->Unresolved->Unresolved->Degrading,Unresolved,2,2,1.0
Degrading->Unresolved->Unresolved->Unresolved,Unresolved,7,7,1.0
Directional->Degrading->Balance->Degrading,Degrading,1,1,1.0
Directional->Degrading->Balance->Unresolved,Unresolved,1,1,1.0
Directional->Degrading->Degrading->Degrading,Degrading,2,3,0.6666666666666666
Directional->Degrading->Degrading->Degrading,Directional,1,3,0.3333333333333333
Directional->Degrading->Directional->Degrading,Balance,1,1,1.0
Directional->Degrading->Unresolved->Degrading,Unresolved,1,1,1.0
Directional->Degrading->Unresolved->Directional,Directional,1,1,1.0
Directional->Degrading->Unresolved->Unresolved,Balance,1,2,0.5
Directional->Degrading->Unresolved->Unresolved,Unresolved,1,2,0.5
Directional->Directional->Degrading->Balance,Degrading,1,1,1.0
Directional->Directional->Degrading->Degrading,Degrading,2,2,1.0
Directional->Directional->Degrading->Directional,Degrading,1,1,1.0
Directional->Directional->Degrading->Unresolved,Directional,1,2,0.5
Directional->Directional->Degrading->Unresolved,Unresolved,1,2,0.5
Directional->Directional->Directional->Degrading,Balance,1,3,0.3333333333333333
Directional->Directional->Directional->Degrading,Degrading,1,3,0.3333333333333333
Directional->Directional->Directional->Degrading,Directional,1,3,0.3333333333333333
Directional->Directional->Directional->Directional,Degrading,2,8,0.25
Directional->Directional->Directional->Directional,Directional,6,8,0.75
Directional->Directional->Directional->Unresolved,Unresolved,1,1,1.0
Directional->Directional->Unresolved->Unresolved,Directional,1,1,1.0
Directional->Unresolved->Unresolved->Degrading,Balance,1,1,1.0
Directional->Unresolved->Unresolved->Directional,Directional,1,1,1.0
Unknown->Unknown->Unknown->Unresolved,Unresolved,2,2,1.0
Unknown->Unknown->Unresolved->Unresolved,Unresolved,2,2,1.0
Unknown->Unresolved->Unresolved->Unresolved,Unresolved,2,2,1.0
Unresolved->Balance->Balance->Balance,Balance,2,4,0.5
Unresolved->Balance->Balance->Balance,Unresolved,2,4,0.5
Unresolved->Balance->Balance->Unresolved,Degrading,2,7,0.2857142857142857
Unresolved->Balance->Balance->Unresolved,Directional,1,7,0.14285714285714285
Unresolved->Balance->Balance->Unresolved,Unresolved,4,7,0.5714285714285714
Unresolved->Balance->Unresolved->Balance,Balance,1,2,0.5
Unresolved->Balance->Unresolved->Balance,Unresolved,1,2,0.5
Unresolved->Balance->Unresolved->Unresolved,Balance,2,12,0.16666666666666666
Unresolved->Balance->Unresolved->Unresolved,Unresolved,10,12,0.8333333333333334
Unresolved->Degrading->Balance->Degrading,Balance,1,1,1.0
Unresolved->Degrading->Balance->Unresolved,Balance,1,1,1.0
Unresolved->Degrading->Degrading->Balance,Degrading,1,1,1.0
Unresolved->Degrading->Degrading->Degrading,Balance,1,2,0.5
Unresolved->Degrading->Degrading->Degrading,Degrading,1,2,0.5
Unresolved->Degrading->Degrading->Unresolved,Unresolved,1,1,1.0
Unresolved->Degrading->Directional->Degrading,Unresolved,1,1,1.0
Unresolved->Degrading->Unresolved->Degrading,Degrading,1,1,1.0
Unresolved->Degrading->Unresolved->Unresolved,Balance,1,5,0.2
Unresolved->Degrading->Unresolved->Unresolved,Unresolved,4,5,0.8
Unresolved->Directional->Degrading->Degrading,Degrading,1,1,1.0
Unresolved->Directional->Degrading->Unresolved,Unresolved,1,1,1.0
Unresolved->Directional->Directional->Degrading,Degrading,1,3,0.3333333333333333
Unresolved->Directional->Directional->Degrading,Unresolved,2,3,0.6666666666666666
Unresolved->Directional->Directional->Directional,Directional,2,3,0.6666666666666666
Unresolved->Directional->Directional->Directional,Unresolved,1,3,0.3333333333333333
Unresolved->Directional->Unresolved->Unresolved,Degrading,1,1,1.0
Unresolved->Unknown->Unknown->Unknown,Unresolved,1,1,1.0
Unresolved->Unresolved->Balance->Balance,Balance,2,7,0.2857142857142857
Unresolved->Unresolved->Balance->Balance,Unresolved,5,7,0.7142857142857143
Unresolved->Unresolved->Balance->Unresolved,Balance,1,12,0.08333333333333333
Unresolved->Unresolved->Balance->Unresolved,Unresolved,11,12,0.9166666666666666
Unresolved->Unresolved->Degrading->Balance,Degrading,1,1,1.0
Unresolved->Unresolved->Degrading->Degrading,Balance,1,2,0.5
Unresolved->Unresolved->Degrading->Degrading,Unresolved,1,2,0.5
Unresolved->Unresolved->Degrading->Directional,Degrading,1,1,1.0
Unresolved->Unresolved->Degrading->Unresolved,Degrading,1,4,0.25
Unresolved->Unresolved->Degrading->Unresolved,Unresolved,3,4,0.75
Unresolved->Unresolved->Directional->Degrading,Degrading,1,2,0.5
Unresolved->Unresolved->Directional->Degrading,Unresolved,1,2,0.5
Unresolved->Unresolved->Directional->Directional,Degrading,3,5,0.6
Unresolved->Unresolved->Directional->Directional,Directional,2,5,0.4
Unresolved->Unresolved->Directional->Unresolved,Unresolved,1,1,1.0
Unresolved->Unresolved->Unknown->Unknown,Unknown,1,1,1.0
Unresolved->Unresolved->Unresolved->Balance,Balance,5,11,0.45454545454545453
Unresolved->Unresolved->Unresolved->Balance,Unresolved,6,11,0.5454545454545454
Unresolved->Unresolved->Unresolved->Degrading,Degrading,2,5,0.4
Unresolved->Unresolved->Unresolved->Degrading,Directional,1,5,0.2
Unresolved->Unresolved->Unresolved->Degrading,Unresolved,2,5,0.4
Unresolved->Unresolved->Unresolved->Directional,Degrading,2,7,0.2857142857142857
Unresolved->Unresolved->Unresolved->Directional,Directional,4,7,0.5714285714285714
Unresolved->Unresolved->Unresolved->Directional,Unresolved,1,7,0.14285714285714285
Unresolved->Unresolved->Unresolved->Unknown,Unknown,1,1,1.0
Unresolved->Unresolved->Unresolved->Unresolved,Balance,7,197,0.03553299492385787
Unresolved->Unresolved->Unresolved->Unresolved,Degrading,4,197,0.02030456852791878
Unresolved->Unresolved->Unresolved->Unresolved,Directional,7,197,0.03553299492385787
Unresolved->Unresolved->Unresolved->Unresolved,Unknown,1,197,0.005076142131979695
Unresolved->Unresolved->Unresolved->Unresolved,Unresolved,178,197,0.9035532994923858
