Instrument,HorizonBars,ResolvedArchetype,DominantPressure,WalkForwardSplit,Count,MeanSignedReturn,MedianSignedReturn,StdSignedReturn,DirectionalHitRate,MeanDirectionalMFE,MeanDirectionalMAE
6E,5,Directional Continuation / Sponsor Release,CompressionPressure,Train,1,-0.2170542635658653,-0.2170542635658653,,0.0,0.8682170542634613,-0.7596899224807696
6E,5,Directional Continuation / Sponsor Release,DirectionalReleasePressure,Train,109,-0.004873818493138179,-0.1284403669724666,1.5467450072853697,0.41228070175438597,1.2074304313982802,-1.1494068311793526
6E,5,Directional Continuation / Sponsor Release,DirectionalReleasePressure,Validation,32,0.3903178140738341,0.48184281842779275,1.9646937231578465,0.5625,1.3163881154532653,-0.8882878955434546
6E,5,Directional Continuation / Sponsor Release,RotationalPressure,Train,76,0.012554524940553483,-0.0744680851062,1.5990509963415864,0.4473684210526316,1.348059032157363,-1.0395908187898024
6E,5,Directional Continuation / Sponsor Release,RotationalPressure,Validation,59,0.05883270142265713,0.1555555555559086,1.7195682038748605,0.5084745762711864,1.4085866960160351,-1.2962852854995268
6E,5,Pure Unresolved Compression Equilibrium,CompressionPressure,Train,1521,-0.005877861586452448,-0.0,1.926112189637442,0.4763469119579501,1.3334465448633268,-1.2701233309179565
6E,5,Pure Unresolved Compression Equilibrium,CompressionPressure,Validation,1017,0.1479249110736923,0.1372549019610771,1.5135246645445355,0.5142576204523107,1.278848267533322,-1.0857069366125565
6E,5,Pure Unresolved Compression Equilibrium,RotationalPressure,Train,52,0.3154430210985055,0.3013888888886218,1.6665639980809352,0.5384615384615384,1.403661141333451,-1.051106654744128
6E,5,Pure Unresolved Compression Equilibrium,RotationalPressure,Validation,61,-0.27388245410456086,-0.3620689655175093,1.240091668989669,0.36065573770491804,0.9022204335811662,-1.147415094996016
6E,5,Sponsor Exhaustion Collapse,CompressionPressure,Train,79,0.21255010867307972,0.3181818181824926,1.4458270385125949,0.5569620253164557,1.3190742927738555,-1.1429650788532537
6E,5,Sponsor Exhaustion Collapse,CompressionPressure,Validation,58,-0.09200958429221606,-0.21829875015138922,1.5665626101200278,0.3793103448275862,1.1752838352046573,-1.1858751438089032
6E,5,Sponsor Exhaustion Collapse,DirectionalReleasePressure,Train,20,0.13763352202643045,0.1933629959214478,1.7114168422242686,0.55,1.0919337637529367,-1.2651511968643323
6E,5,Sponsor Exhaustion Collapse,DirectionalReleasePressure,Validation,9,-0.103511542365454,-0.7313432835818575,2.0334745976782025,0.3333333333333333,1.2468966025639654,-1.2402571941137226
6E,5,Sponsor Exhaustion Collapse,RotationalPressure,Train,405,-0.45436599684880674,-0.2314049586776562,2.1949830102473666,0.3897058823529412,1.0639722323596104,-1.5817044491618397
6E,5,Sponsor Exhaustion Collapse,RotationalPressure,Validation,285,-0.23895303503424145,-0.1647058823525367,2.5605069567703778,0.43859649122807015,1.2971073546923815,-1.5264921481523575
6E,5,Stable Compression Basin,CompressionPressure,Train,740,-0.24147023557228695,-0.14738475177302873,2.0247433792649594,0.42416107382550333,1.1728287014546843,-1.39020562831839
6E,5,Stable Compression Basin,CompressionPressure,Validation,498,-0.1723310373567331,0.0,2.0968860757873022,0.4678714859437751,1.2704131412793138,-1.3633997763042802
6E,5,Stable Compression Basin,RotationalPressure,Train,197,-0.17163789387503944,-0.2074074074078304,1.6552789863585744,0.4213197969543147,1.1670815076053909,-1.302195460122796
6E,5,Stable Compression Basin,RotationalPressure,Validation,138,-0.2634135133261815,-0.26060606060574376,2.5601694048312154,0.3695652173913043,1.2259637530438485,-1.4278475264733967
6E,5,Unstable Rotational Balance,CompressionPressure,Train,14,-0.34702368457118826,0.1436237373740513,2.5618886989669862,0.5714285714285714,1.2178340560295289,-1.820063276683275
6E,5,Unstable Rotational Balance,CompressionPressure,Validation,9,0.35789376497630543,0.9824561403518532,2.3860488479936413,0.6666666666666666,1.568057595117088,-1.3806720122850888
6E,5,Unstable Rotational Balance,RotationalPressure,Train,254,-0.18475456255447525,0.0,1.7736806044700333,0.4566929133858268,1.1770412308314726,-1.342852049774085
6E,5,Unstable Rotational Balance,RotationalPressure,Validation,161,-0.4497376878465557,-0.5185185185184332,1.779774951773054,0.3167701863354037,1.02400237524331,-1.4952894221545077
6E,10,Directional Continuation / Sponsor Release,CompressionPressure,Train,1,-0.1085271317831736,-0.1085271317831736,,0.0,1.7364341085269226,-2.0620155038759616
6E,10,Directional Continuation / Sponsor Release,DirectionalReleasePressure,Train,109,-0.2137933476766692,-0.3211009174310239,2.361643428166779,0.38596491228070173,1.6054553316062365,-1.773063060027011
6E,10,Directional Continuation / Sponsor Release,DirectionalReleasePressure,Validation,32,0.506234463516827,-0.0,2.9580494966175204,0.46875,2.0417230657696184,-1.4633207481906174
6E,10,Directional Continuation / Sponsor Release,RotationalPressure,Train,76,0.6634743654373844,0.6515151515150558,2.2133276463338993,0.631578947368421,2.1562760828719036,-1.3570892169552924
6E,10,Directional Continuation / Sponsor Release,RotationalPressure,Validation,59,0.6476102314725313,0.2372881355926666,3.0537172269284225,0.5423728813559322,2.323255599338214,-1.7923612669628235
6E,10,Pure Unresolved Compression Equilibrium,CompressionPressure,Train,1521,0.014213081737412005,0.0,2.5335953362715813,0.4816031537450723,1.8994382249066728,-1.8416351919015996
6E,10,Pure Unresolved Compression Equilibrium,CompressionPressure,Validation,1012,0.13830184424537123,0.19178082191798906,2.5251551575751257,0.5227272727272727,1.8872372165848945,-1.6734455725526038
6E,10,Pure Unresolved Compression Equilibrium,RotationalPressure,Train,52,0.9026978186194418,0.5439882697946515,2.4227795673884653,0.5769230769230769,2.3552492683008563,-1.3800847712859965
6E,10,Pure Unresolved Compression Equilibrium,RotationalPressure,Validation,61,-0.2125689781551358,-0.1538461538464917,2.2605747889954815,0.45901639344262296,1.4420925596100445,-1.8729679116061109
6E,10,Sponsor Exhaustion Collapse,CompressionPressure,Train,79,0.10381057382335716,0.249999999999425,2.2384656212860743,0.5569620253164557,1.984511959981676,-1.6914680008876333
6E,10,Sponsor Exhaustion Collapse,CompressionPressure,Validation,58,-0.15972304647096922,-0.2968814968816642,2.5115671496549035,0.43103448275862066,1.68076187596949,-1.9231771200395662
6E,10,Sponsor Exhaustion Collapse,DirectionalReleasePressure,Train,20,-0.4046548798160979,0.13232080419600004,4.1103051020940775,0.5,2.0477681267885774,-2.531411138575125
6E,10,Sponsor Exhaustion Collapse,DirectionalReleasePressure,Validation,9,0.0010497689902451517,-1.2873563218388504,3.676495087216226,0.3333333333333333,1.9317229017311592,-2.39044838464957
6E,10,Sponsor Exhaustion Collapse,RotationalPressure,Train,405,-0.4540898612388771,-0.1818181818185907,3.0256628800014367,0.4583333333333333,1.6255577398252588,-2.2881281167045975
6E,10,Sponsor Exhaustion Collapse,RotationalPressure,Validation,285,-0.4314717660758933,-0.0,3.459534702501888,0.4666666666666667,1.8849485345940042,-2.1858772574608047
6E,10,Stable Compression Basin,CompressionPressure,Train,740,-0.33246120790891276,-0.17397344859541541,3.048306158944258,0.4375838926174497,1.7961155619700078,-2.1320149905308896
6E,10,Stable Compression Basin,CompressionPressure,Validation,498,-0.12511770694739793,0.0,2.88658376804491,0.463855421686747,1.8247136402405737,-1.958889182496204
6E,10,Stable Compression Basin,RotationalPressure,Train,197,-0.06306343387107462,0.0,2.32601911432901,0.4619289340101523,1.717987401077729,-1.9618902570876047
6E,10,Stable Compression Basin,RotationalPressure,Validation,138,-0.02819677793470395,0.0,3.2358188160100148,0.4855072463768116,1.8585372095209023,-1.9227103430941004
6E,10,Unstable Rotational Balance,CompressionPressure,Train,14,0.11521494787213646,0.05915880503191065,2.9606024833748825,0.5,1.9602775423699759,-2.075337538286574
6E,10,Unstable Rotational Balance,CompressionPressure,Validation,9,0.3447435136005344,0.2456140350882359,3.9648810502265013,0.6666666666666666,2.2017008586596427,-2.378088032956771
6E,10,Unstable Rotational Balance,RotationalPressure,Train,254,-0.35493338793301854,-0.19210526315829957,2.5412301642082697,0.42913385826771655,1.5964995290946866,-2.059815331182824
6E,10,Unstable Rotational Balance,RotationalPressure,Validation,161,-0.542829334418118,-0.4069767441861747,2.2095136633930896,0.37267080745341613,1.4090291905095471,-2.109256272063599
6E,20,Directional Continuation / Sponsor Release,CompressionPressure,Train,1,1.953488372092788,1.953488372092788,,1.0,2.3875968992245187,-2.0620155038759616
6E,20,Directional Continuation / Sponsor Release,DirectionalReleasePressure,Train,109,-0.6695930969550149,-1.1666666666665586,3.2989509252924476,0.45614035087719296,2.2349440600824284,-2.936016721589645
6E,20,Directional Continuation / Sponsor Release,DirectionalReleasePressure,Validation,32,2.495597348377598,1.829100495081279,4.82633154558747,0.65625,4.240852532312673,-1.8762488708393597
6E,20,Directional Continuation / Sponsor Release,RotationalPressure,Train,76,0.3549594714733877,0.19356955380593643,3.540680432777289,0.5263157894736842,3.1305729055892617,-2.0864180883642773
6E,20,Directional Continuation / Sponsor Release,RotationalPressure,Validation,59,0.2115260267781682,-0.0,3.359926387162048,0.4576271186440678,3.296946561136972,-2.730493382205254
6E,20,Pure Unresolved Compression Equilibrium,CompressionPressure,Train,1521,0.12898603885039867,-0.0,3.8206456845805876,0.4888304862023653,2.8687447865823077,-2.663071173310212
6E,20,Pure Unresolved Compression Equilibrium,CompressionPressure,Validation,1003,-0.23582142909481152,0.0,3.8799975079047737,0.47058823529411764,2.6533145430052136,-2.6542835065872947
6E,20,Pure Unresolved Compression Equilibrium,RotationalPressure,Train,52,1.0973343457790012,0.2166069295103698,5.079933802688701,0.5576923076923077,3.668165064295251,-2.190272239314034
6E,20,Pure Unresolved Compression Equilibrium,RotationalPressure,Validation,60,0.6393604336127,0.8044871794869346,2.8102779440185404,0.55,2.5993026472261205,-2.122606867934677
6E,20,Sponsor Exhaustion Collapse,CompressionPressure,Train,79,0.006899830952931372,0.3255813953480974,4.6885154535193605,0.5316455696202531,3.055821711428307,-2.882297077995128
6E,20,Sponsor Exhaustion Collapse,CompressionPressure,Validation,58,-0.6480203550973738,-0.5870175438596095,4.11619120838632,0.3793103448275862,2.121859956469815,-2.945346970474613
6E,20,Sponsor Exhaustion Collapse,DirectionalReleasePressure,Train,20,-1.0661177458556157,0.1971830985915061,5.011982712759293,0.5,2.955255833733088,-3.9478942339763266
6E,20,Sponsor Exhaustion Collapse,DirectionalReleasePressure,Validation,9,-0.47217505824602135,-3.11111111111152,5.4256064384230465,0.3333333333333333,3.0889818657006343,-3.3735265442666735
6E,20,Sponsor Exhaustion Collapse,RotationalPressure,Train,405,-0.5788990588482281,-0.2352941176470281,4.570514581827338,0.45098039215686275,2.5137375591852957,-3.4320418121714815
6E,20,Sponsor Exhaustion Collapse,RotationalPressure,Validation,285,-0.33264359794167303,0.0,4.733968052659563,0.4982456140350877,2.841126865857841,-3.2046683178531743
6E,20,Stable Compression Basin,CompressionPressure,Train,740,-0.4753343139694829,-0.36681922196790384,4.069904331764007,0.4214765100671141,2.560372663651991,-3.1043954767430724
6E,20,Stable Compression Basin,CompressionPressure,Validation,498,-0.2711419077298153,-0.15823754789270855,4.191699875742063,0.46987951807228917,2.713609971404653,-2.9617874809251634
6E,20,Stable Compression Basin,RotationalPressure,Train,197,-0.2612575049067313,-0.5526315789468625,3.623843012952381,0.40609137055837563,2.7202115719163573,-2.792435065319724
6E,20,Stable Compression Basin,RotationalPressure,Validation,138,-0.03889663597363796,0.0,4.470002739371811,0.4855072463768116,2.8573208460170423,-2.657240810724143
6E,20,Unstable Rotational Balance,CompressionPressure,Train,14,-0.5247558743578498,-1.1805658972445756,3.991677214130882,0.35714285714285715,3.3892766033646633,-3.2126382318560323
6E,20,Unstable Rotational Balance,CompressionPressure,Validation,9,-0.2150011871549054,-0.4516129032254182,4.5848924278610355,0.4444444444444444,2.5588350071393355,-3.0167794854809253
6E,20,Unstable Rotational Balance,RotationalPressure,Train,254,-0.47857231710942555,-0.22952361755044845,3.3527201218818643,0.4409448818897638,2.2604955216511953,-2.9522296068007208
6E,20,Unstable Rotational Balance,RotationalPressure,Validation,161,-0.5521659548707988,-0.3500000000006605,3.335154265378507,0.40372670807453415,2.15152384068265,-2.7969040470681876
ES,5,Directional Continuation / Sponsor Release,DirectionalReleasePressure,Train,77,-0.1850782574670244,-0.175438596491228,1.533913870951288,0.41975308641975306,1.0260610620319293,-1.3170895296417418
ES,5,Directional Continuation / Sponsor Release,DirectionalReleasePressure,Validation,50,0.8228405779428003,0.5637554030002543,1.7640406263745514,0.7,1.7560738700527971,-0.7808497681332837
ES,5,Directional Continuation / Sponsor Release,RotationalPressure,Train,49,0.16666300101302478,0.0851063829787234,2.2363093806545002,0.5102040816326531,1.2218296367202781,-1.1932161931485765
ES,5,Directional Continuation / Sponsor Release,RotationalPressure,Validation,32,0.188799589119627,0.13161094224924005,1.2621312979411274,0.53125,1.1419072201638714,-0.9286972182640618
ES,5,Pure Unresolved Compression Equilibrium,CompressionPressure,Train,849,0.09487832143446868,-0.0528301886792452,2.42862490211049,0.47820965842167257,1.3420412344683885,-1.209356795164796
ES,5,Pure Unresolved Compression Equilibrium,CompressionPressure,Validation,559,-0.08308308597417426,-0.0916230366492146,2.1033743222306334,0.4669051878354204,1.252429202756545,-1.2878579112991948
ES,5,Pure Unresolved Compression Equilibrium,RotationalPressure,Train,45,0.29740583156796463,0.0717948717948717,1.9401900713387528,0.5111111111111111,1.5296039121163156,-1.2155940788078576
ES,5,Pure Unresolved Compression Equilibrium,RotationalPressure,Validation,21,-0.3007703713715267,0.1559888579387186,2.0277809625509398,0.5238095238095238,1.4443964499993536,-1.7102584371303382
ES,5,Sponsor Exhaustion Collapse,CompressionPressure,Train,39,-0.03572810606521004,-0.0941176470588235,1.764246866945948,0.46153846153846156,1.296321526261011,-1.1780830991137834
ES,5,Sponsor Exhaustion Collapse,CompressionPressure,Validation,33,0.20464912923381318,0.1189801699716713,1.5239872998933017,0.5454545454545454,1.4137382779550614,-1.0614646179654144
ES,5,Sponsor Exhaustion Collapse,DirectionalReleasePressure,Train,12,-0.17277051212887296,-0.1538009101648365,1.0299349824314468,0.4166666666666667,0.8376403425577531,-1.0026168343793296
ES,5,Sponsor Exhaustion Collapse,DirectionalReleasePressure,Validation,8,0.09089446398448067,0.21279820457890664,1.1784095668556478,0.625,0.841098468026522,-1.1614878057408407
ES,5,Sponsor Exhaustion Collapse,RotationalPressure,Train,165,-0.017402324775439026,0.0806916426512968,1.4835214352852824,0.5178571428571429,1.169876859476757,-1.2651587880723008
ES,5,Sponsor Exhaustion Collapse,RotationalPressure,Validation,132,-0.039149441834290255,0.0315030658395752,1.1576412564655298,0.5075757575757576,1.0217105070675265,-1.0329651170610143
ES,5,Stable Compression Basin,CompressionPressure,Train,307,0.30992465902770217,-0.0371352785145888,2.615636313592148,0.4840764331210191,1.5070468231429608,-1.0733455406280175
ES,5,Stable Compression Basin,CompressionPressure,Validation,235,0.36745534210934583,0.21875,3.08877924526321,0.5659574468085107,1.5293582065694653,-1.156577484309509
ES,5,Stable Compression Basin,RotationalPressure,Train,118,-0.026785975598212844,-0.12221494927116634,1.884102707319712,0.4067796610169492,1.1598202278956176,-1.0913785498116482
ES,5,Stable Compression Basin,RotationalPressure,Validation,63,0.31335442300746846,0.1734513274336283,2.885415713665073,0.5555555555555556,1.5214788163255908,-0.8499118065385273
ES,5,Unstable Rotational Balance,CompressionPressure,Train,2,0.05778985507246376,0.05778985507246376,0.16422298794948434,0.5,0.9666666666666666,-0.7121376811594203
ES,5,Unstable Rotational Balance,CompressionPressure,Validation,8,0.3889288616166129,0.9998041933942683,2.27898662312671,0.625,1.500525670189526,-1.3885681969318
ES,5,Unstable Rotational Balance,RotationalPressure,Train,203,-0.13165809860370134,-0.1944444444444444,1.9374314820576364,0.4482758620689655,1.2222020405019256,-1.325121496184948
ES,5,Unstable Rotational Balance,RotationalPressure,Validation,119,0.23410157375489066,-0.0481927710843373,3.3094042936226225,0.46218487394957986,1.5954409432146084,-1.2841192353982136
ES,10,Directional Continuation / Sponsor Release,DirectionalReleasePressure,Train,77,0.07545793505632999,0.330188679245283,2.638300183473475,0.5061728395061729,1.8020187957003782,-1.7096276408867963
ES,10,Directional Continuation / Sponsor Release,DirectionalReleasePressure,Validation,50,1.6371413215107395,0.8788461538461538,4.009720307144555,0.62,2.8915285565127085,-1.0815666492218898
ES,10,Directional Continuation / Sponsor Release,RotationalPressure,Train,49,0.240135715800571,0.1568627450980392,3.7258648804834316,0.5714285714285714,1.8326395645471716,-1.6899493646109933
ES,10,Directional Continuation / Sponsor Release,RotationalPressure,Validation,32,0.25692756895136293,0.14066193853427894,1.6528931716448247,0.53125,1.5666954946511362,-1.1438485916649257
ES,10,Pure Unresolved Compression Equilibrium,CompressionPressure,Train,849,0.05751894588138799,-0.2304526748971193,3.519040283832084,0.4499411071849234,1.9352243669247322,-1.857258874271534
ES,10,Pure Unresolved Compression Equilibrium,CompressionPressure,Validation,559,0.13843225325655598,0.053639846743295,3.082299060016814,0.5026833631484794,1.8821987527320034,-1.800379102257023
ES,10,Pure Unresolved Compression Equilibrium,RotationalPressure,Train,45,-0.1342106550432666,0.358974358974359,2.344588317067359,0.5555555555555556,1.929456400280602,-1.6262444260551876
ES,10,Pure Unresolved Compression Equilibrium,RotationalPressure,Validation,21,-0.39267519016454516,0.1145662847790507,2.16986583620776,0.5238095238095238,1.7395717618668545,-2.030317305917342
ES,10,Sponsor Exhaustion Collapse,CompressionPressure,Train,39,-0.13212796552001543,-0.417910447761194,1.6147652838935393,0.3333333333333333,1.5525236388329793,-1.595923338230346
ES,10,Sponsor Exhaustion Collapse,CompressionPressure,Validation,33,0.3996181243165955,0.8521739130434782,2.2443675687379625,0.6666666666666666,2.002061702887406,-1.5723529760686696
ES,10,Sponsor Exhaustion Collapse,DirectionalReleasePressure,Train,12,-0.3779730494325022,-0.5319264155451142,1.7368459873895632,0.3333333333333333,1.3356793992502567,-1.525744251415959
ES,10,Sponsor Exhaustion Collapse,DirectionalReleasePressure,Validation,8,2.534154319086135,0.8120301404587045,6.614231080285841,0.625,4.227111650339272,-1.3933901911240245
ES,10,Sponsor Exhaustion Collapse,RotationalPressure,Train,165,-0.11211995112859124,-0.0406976744186046,2.2325255081884654,0.48214285714285715,1.6350454817898068,-1.7575875969699624
ES,10,Sponsor Exhaustion Collapse,RotationalPressure,Validation,132,0.3125396503619928,0.3057592621487144,1.99255592097124,0.5909090909090909,1.7119091961032202,-1.527376889882929
ES,10,Stable Compression Basin,CompressionPressure,Train,307,0.3711634144590751,0.0526315789473684,3.4713729623708156,0.5095541401273885,2.1139142835423086,-1.6550284193571028
ES,10,Stable Compression Basin,CompressionPressure,Validation,232,0.39869030327287114,0.17824030528607132,3.6320389530040385,0.5431034482758621,2.253738581349406,-1.7027904442444042
ES,10,Stable Compression Basin,RotationalPressure,Train,118,0.20867997037008293,0.01741293532338305,3.3157147987938305,0.5,1.9269538085887665,-1.7498151213866155
ES,10,Stable Compression Basin,RotationalPressure,Validation,63,0.43446059809718524,0.2397260273972602,2.6887937738926255,0.5396825396825397,2.124141577748569,-1.214344344888384
ES,10,Unstable Rotational Balance,CompressionPressure,Train,2,-1.1188405797101448,-1.1188405797101448,0.2623468637445741,0.0,1.1125,-1.2715579710144929
ES,10,Unstable Rotational Balance,CompressionPressure,Validation,8,0.7049046989342915,1.358251633986928,2.7160402863951623,0.75,2.957977708088835,-1.460436780094018
ES,10,Unstable Rotational Balance,RotationalPressure,Train,203,-0.06196273993300492,-0.106060606060606,3.386062401326324,0.46798029556650245,2.027520228480142,-1.9755775781377003
ES,10,Unstable Rotational Balance,RotationalPressure,Validation,117,0.6949731109128382,0.2568807339449541,4.018623588486674,0.5641025641025641,2.4979562611708355,-1.7499169520468005
ES,20,Directional Continuation / Sponsor Release,DirectionalReleasePressure,Train,77,0.48234270843510263,0.5137614678899083,3.7851136127093286,0.5679012345679012,2.5261137368477606,-2.1800067236346274
ES,20,Directional Continuation / Sponsor Release,DirectionalReleasePressure,Validation,50,0.9198779837144319,1.051918296444937,3.4378228251801706,0.64,3.429000715901807,-1.5582746082531758
ES,20,Directional Continuation / Sponsor Release,RotationalPressure,Train,49,-0.011582311661801414,0.2776203966005666,4.564766242146433,0.5510204081632653,2.546463818381609,-2.3811795084286134
ES,20,Directional Continuation / Sponsor Release,RotationalPressure,Validation,32,-0.7671529582149759,-1.263825634352635,3.0740985848224986,0.34375,2.0434117002646754,-2.966554869086696
ES,20,Pure Unresolved Compression Equilibrium,CompressionPressure,Train,849,0.23367030422220847,0.0786516853932584,5.195161575575337,0.5076560659599529,2.948158609016994,-2.8263335875972966
ES,20,Pure Unresolved Compression Equilibrium,CompressionPressure,Validation,559,0.258548177609794,0.0746666666666666,5.1738817171207625,0.5098389982110912,3.012386835836611,-2.74739354127495
ES,20,Pure Unresolved Compression Equilibrium,RotationalPressure,Train,45,0.6487768949548857,0.5833333333333334,4.259910341145953,0.5777777777777777,3.0550951580763854,-2.4478245985892078
ES,20,Pure Unresolved Compression Equilibrium,RotationalPressure,Validation,21,-0.2998427205429694,-0.7256097560975611,3.2777049868136303,0.47619047619047616,2.414507092950809,-2.6772240490095722
ES,20,Sponsor Exhaustion Collapse,CompressionPressure,Train,39,-0.2872740697921541,0.2493638676844783,3.6078224625689055,0.5384615384615384,2.318180003084844,-2.7675433323367096
ES,20,Sponsor Exhaustion Collapse,CompressionPressure,Validation,33,0.09861023464584973,0.8082474226804123,3.6968491988340806,0.6060606060606061,2.8354130826595463,-2.681863454792598
ES,20,Sponsor Exhaustion Collapse,DirectionalReleasePressure,Train,12,-0.786498671156748,-0.13841681930397395,3.135273187084633,0.5,1.7007840686984157,-2.376587970582619
ES,20,Sponsor Exhaustion Collapse,DirectionalReleasePressure,Validation,8,1.1936955737419381,0.15587317486612476,5.26969232198627,0.5,4.285581792300433,-1.8111275303195955
ES,20,Sponsor Exhaustion Collapse,RotationalPressure,Train,165,-0.023962796471723388,-0.0936454849498327,4.154808963214594,0.5,2.537001393730676,-2.5982937567461506
ES,20,Sponsor Exhaustion Collapse,RotationalPressure,Validation,132,0.008957594039538485,0.2380053421163617,4.1229404136053205,0.5227272727272727,2.610058680331733,-2.6364753579997697
ES,20,Stable Compression Basin,CompressionPressure,Train,307,0.2657619081234028,0.1337579617834395,4.783836781219635,0.5095541401273885,2.9095088107528264,-2.5857671013937784
ES,20,Stable Compression Basin,CompressionPressure,Validation,228,0.24966123550084945,0.3222286134279232,5.06646534999335,0.5482456140350878,3.081048878102475,-2.61181462435554
ES,20,Stable Compression Basin,RotationalPressure,Train,118,0.14928073679506249,-0.17376252843878742,4.926694902364745,0.4661016949152542,2.7560046078604885,-2.8216877263143343
ES,20,Stable Compression Basin,RotationalPressure,Validation,63,0.30931446470653495,-0.185022026431718,3.47461208088415,0.4444444444444444,2.6860482222705584,-1.894853248413877
ES,20,Unstable Rotational Balance,CompressionPressure,Train,2,-1.0467391304347826,-1.0467391304347826,0.004611565964260145,0.0,1.1125,-1.5844202898550726
ES,20,Unstable Rotational Balance,CompressionPressure,Validation,8,-0.5653705406464872,0.4068627450980392,2.7933155863055594,0.75,3.2770334709412396,-2.218384773273228
ES,20,Unstable Rotational Balance,RotationalPressure,Train,203,-0.05763915339643397,-0.0673076923076923,5.496356127388897,0.49261083743842365,2.9447456587668093,-3.2117078632645972
ES,20,Unstable Rotational Balance,RotationalPressure,Validation,111,0.905290781915705,0.5218800648298217,4.3431219213411865,0.6126126126126126,3.3432318154192218,-2.278450570428729
NQ,5,Directional Continuation / Sponsor Release,CompressionPressure,Train,1,1.439252336448598,1.439252336448598,,1.0,1.8841121495327104,-0.1831775700934579
NQ,5,Directional Continuation / Sponsor Release,CompressionPressure,Validation,1,0.2299679487179487,0.2299679487179487,,1.0,0.4487179487179487,-1.3349358974358976
NQ,5,Directional Continuation / Sponsor Release,DirectionalReleasePressure,Train,224,0.26033666015746104,0.2017215477547378,1.4102100712346692,0.5758928571428571,1.3334379732015196,-0.9489383887672797
NQ,5,Directional Continuation / Sponsor Release,DirectionalReleasePressure,Validation,128,-0.1539557520261757,-0.4050627248161206,1.6156834802694546,0.4296875,1.1340355715356012,-1.2547524404955956
NQ,5,Directional Continuation / Sponsor Release,RotationalPressure,Train,138,0.0817403555462548,-0.0273899609030142,1.6009860379517644,0.4927536231884058,1.3058436002033975,-1.2253863257253108
NQ,5,Directional Continuation / Sponsor Release,RotationalPressure,Validation,102,-0.044221813206076564,-0.15011796788822157,1.3107749751371678,0.46078431372549017,1.1185167442611406,-1.1758442942349203
NQ,5,Pure Unresolved Compression Equilibrium,CompressionPressure,Train,2279,0.027523285149355814,0.0844730490748189,1.845060358909915,0.5197368421052632,1.2765047162407988,-1.2255859860278369
NQ,5,Pure Unresolved Compression Equilibrium,CompressionPressure,Validation,1527,-0.14055519674288583,-0.0663956639566395,1.6692504380888802,0.4793713163064833,1.1722329975431958,-1.3136557649714549
NQ,5,Pure Unresolved Compression Equilibrium,RotationalPressure,Train,113,-0.18034688384548941,-0.1596244131455399,1.3774013155838007,0.4247787610619469,1.2919766629154485,-1.22233500365483
NQ,5,Pure Unresolved Compression Equilibrium,RotationalPressure,Validation,80,0.21803198023809958,0.14724093770897206,1.5360948140803574,0.5875,1.2546010744157752,-1.100032588079148
NQ,5,Sponsor Exhaustion Collapse,CompressionPressure,Train,69,-0.3768568294115905,-0.1658206429780034,1.4656253336782565,0.42028985507246375,1.015856500560713,-1.4231809199792658
NQ,5,Sponsor Exhaustion Collapse,CompressionPressure,Validation,75,0.057653288324216484,-0.1458333333333333,2.1138166505266653,0.44,1.4411234922259917,-1.2479321122786773
NQ,5,Sponsor Exhaustion Collapse,DirectionalReleasePressure,Train,24,0.1337505210982386,0.012769506855955307,2.093031062607293,0.5,1.4756293834962726,-1.1049005393882385
NQ,5,Sponsor Exhaustion Collapse,DirectionalReleasePressure,Validation,14,0.8366290554821602,0.40473507566670297,1.4844762509937186,0.7142857142857143,1.702113227643059,-0.7383496573539963
NQ,5,Sponsor Exhaustion Collapse,RotationalPressure,Train,733,-0.09643400923665549,-0.059322033898305,1.5708278368323665,0.4747612551159618,1.1641928400559354,-1.2546448722830041
NQ,5,Sponsor Exhaustion Collapse,RotationalPressure,Validation,478,-0.020787793816612738,-0.0194870334973633,1.5379032873574228,0.4916317991631799,1.221665381600765,-1.160871105684201
NQ,5,Stable Compression Basin,CompressionPressure,Train,1166,-0.058764396963782606,-0.0198323286421529,1.9996453067187228,0.48346055979643765,1.1724536408523831,-1.3128568187092968
NQ,5,Stable Compression Basin,CompressionPressure,Validation,758,0.15449318042014842,0.11780795269997435,1.515536160064865,0.5329815303430079,1.3227881824149172,-1.097028429018875
NQ,5,Stable Compression Basin,RotationalPressure,Train,353,-0.07936401114544966,-0.0783216783216783,1.8735996572985605,0.45609065155807366,1.1724072062183224,-1.3773021996512003
NQ,5,Stable Compression Basin,RotationalPressure,Validation,234,0.16240407220718434,0.07526103146980795,1.5249729954006965,0.5213675213675214,1.3065107250646033,-1.0652366286194521
NQ,5,Unstable Rotational Balance,CompressionPressure,Train,16,0.07566190749950559,0.00730688935281835,1.5086808332685029,0.5,1.246023893169871,-0.9077610818881472
NQ,5,Unstable Rotational Balance,CompressionPressure,Validation,25,-0.21781692530896224,-0.4502923976608187,1.485002241694881,0.48,1.171100650033134,-1.4924488499310147
NQ,5,Unstable Rotational Balance,RotationalPressure,Train,670,-0.044985764630754065,0.0364556758897792,2.5518598157364276,0.5134328358208955,1.2938350073674414,-1.3120583422105143
NQ,5,Unstable Rotational Balance,RotationalPressure,Validation,451,0.10654819638062138,0.0705882352941176,1.538616142042986,0.5277161862527716,1.2984730596923644,-1.1218445159867794
NQ,10,Directional Continuation / Sponsor Release,CompressionPressure,Train,1,3.454205607476636,3.454205607476636,,1.0,3.820560747663552,-0.1831775700934579
NQ,10,Directional Continuation / Sponsor Release,CompressionPressure,Validation,1,-1.233974358974359,-1.233974358974359,,0.0,0.5665064102564102,-2.2716346153846154
NQ,10,Directional Continuation / Sponsor Release,DirectionalReleasePressure,Train,224,0.335483951996924,0.13236664276783144,2.333264070037856,0.5580357142857143,1.9297504001039891,-1.4807048421900046
NQ,10,Directional Continuation / Sponsor Release,DirectionalReleasePressure,Validation,128,-0.3450539274109705,-0.5530909889999682,2.566314193449781,0.4296875,1.630452019662461,-1.973580060012553
NQ,10,Directional Continuation / Sponsor Release,RotationalPressure,Train,138,0.30506734252648293,0.31763381187919726,2.333101172961653,0.5869565217391305,1.985261946066056,-1.6967206189838937
NQ,10,Directional Continuation / Sponsor Release,RotationalPressure,Validation,102,-0.08426560993540229,-0.07264154641311221,2.243397468364916,0.45098039215686275,1.7552689138369078,-1.7256337450819261
NQ,10,Pure Unresolved Compression Equilibrium,CompressionPressure,Train,2279,0.012436195695718676,0.0973574408901251,2.81298432954666,0.5210526315789473,1.858783960601851,-1.8333363303425496
NQ,10,Pure Unresolved Compression Equilibrium,CompressionPressure,Validation,1522,-0.09658553211849229,-0.03368187286018315,2.312503466492064,0.4908015768725361,1.7120769858642872,-1.8737899179567552
NQ,10,Pure Unresolved Compression Equilibrium,RotationalPressure,Train,113,-0.3315300736840268,-0.0927152317880794,1.9806757964774118,0.48672566371681414,1.6821317573355983,-1.6571059609200416
NQ,10,Pure Unresolved Compression Equilibrium,RotationalPressure,Validation,80,0.07025742514927585,0.0584581906392694,2.3672706961113117,0.5,1.8139421079043767,-1.5898730920139996
NQ,10,Sponsor Exhaustion Collapse,CompressionPressure,Train,69,-0.4724906407872627,-0.3983739837398373,1.8796739558868938,0.4057971014492754,1.3721511417684618,-1.9592303746437834
NQ,10,Sponsor Exhaustion Collapse,CompressionPressure,Validation,75,-0.3066981917258536,-0.4740843123704215,2.3020257187017847,0.44,1.8522490925257955,-1.8568379389507657
NQ,10,Sponsor Exhaustion Collapse,DirectionalReleasePressure,Train,24,0.24726590451650662,0.046668856380403204,3.1565528002544214,0.5,2.038497737493998,-1.7188648960632273
NQ,10,Sponsor Exhaustion Collapse,DirectionalReleasePressure,Validation,14,0.2801374497035019,0.11268820369416435,2.2138329613265464,0.5714285714285714,2.0842558115804457,-1.2406830251373522
NQ,10,Sponsor Exhaustion Collapse,RotationalPressure,Train,733,-0.1855175197419641,-0.146788990825688,2.2616708787219073,0.461118690313779,1.6968954382101062,-1.8273417809743524
NQ,10,Sponsor Exhaustion Collapse,RotationalPressure,Validation,478,0.027689287083654025,-0.05989529247179515,2.3101358176721463,0.48535564853556484,1.7198671996629789,-1.7482935165416145
NQ,10,Stable Compression Basin,CompressionPressure,Train,1166,-0.0814286434970781,0.01601526113641865,2.5290107089723652,0.5004240882103478,1.7858423816673148,-1.8255835874509392
NQ,10,Stable Compression Basin,CompressionPressure,Validation,758,0.0902750488844242,0.1021925000886933,2.0696627132378826,0.5263852242744064,1.9034242576802143,-1.6163543540129452
NQ,10,Stable Compression Basin,RotationalPressure,Train,353,-0.14922734362295673,-0.1958041958041958,2.305445797051727,0.45892351274787535,1.6620657524216782,-1.9244730052799544
NQ,10,Stable Compression Basin,RotationalPressure,Validation,234,0.3144242408476094,0.21407806096834825,2.1339248605555174,0.5641025641025641,1.9445319302521042,-1.6000895429091417
NQ,10,Unstable Rotational Balance,CompressionPressure,Train,16,-0.6128100017805458,-0.4961260534118177,2.0076194994528858,0.4375,1.429622244611374,-2.0684908929440384
NQ,10,Unstable Rotational Balance,CompressionPressure,Validation,25,0.0023053360228905005,-0.1879194630872483,1.6211457051459683,0.4,1.6399613806913556,-1.8463128061186866
NQ,10,Unstable Rotational Balance,RotationalPressure,Train,670,-0.12188218985231816,-0.1439756526226516,3.0558789014653738,0.48955223880597015,1.965206737626254,-1.9898010190056836
NQ,10,Unstable Rotational Balance,RotationalPressure,Validation,451,0.05816255772774469,0.2495948136142625,2.099429592760256,0.5476718403547672,1.8248069406139207,-1.6596985979383898
NQ,20,Directional Continuation / Sponsor Release,CompressionPressure,Train,1,1.7271028037383178,1.7271028037383178,,1.0,3.820560747663552,-0.5233644859813084
NQ,20,Directional Continuation / Sponsor Release,CompressionPressure,Validation,1,-0.9030448717948718,-0.9030448717948718,,0.0,1.2956730769230769,-2.2716346153846154
NQ,20,Directional Continuation / Sponsor Release,DirectionalReleasePressure,Train,224,0.009515581207912852,0.1185930512555899,3.3516143066831146,0.5267857142857143,2.6048770483097994,-2.358521532137188
NQ,20,Directional Continuation / Sponsor Release,DirectionalReleasePressure,Validation,128,-0.6950582764607458,-1.0758578508910683,4.160075209773609,0.40625,2.252676525244525,-3.0088184901203983
NQ,20,Directional Continuation / Sponsor Release,RotationalPressure,Train,138,0.47492252277244723,0.5439250225835592,3.1984255140127065,0.5652173913043478,2.876011906664117,-2.3269660494871034
NQ,20,Directional Continuation / Sponsor Release,RotationalPressure,Validation,102,-0.29722280728663836,0.18885408269031434,2.8808368061128196,0.5294117647058824,2.519134858147824,-2.717188359035172
NQ,20,Pure Unresolved Compression Equilibrium,CompressionPressure,Train,2279,0.17143661389853948,0.1874163319946452,3.8777886178643257,0.5350877192982456,2.773603061849447,-2.5829939501779657
NQ,20,Pure Unresolved Compression Equilibrium,CompressionPressure,Validation,1512,-0.03570070352721196,-0.026328605259176102,3.570412847450316,0.49404761904761907,2.6047325877041496,-2.648630890654008
NQ,20,Pure Unresolved Compression Equilibrium,RotationalPressure,Train,113,-0.39057836326584355,-0.0900735294117647,3.697973308890136,0.4778761061946903,2.375577338120274,-2.640137736617147
NQ,20,Pure Unresolved Compression Equilibrium,RotationalPressure,Validation,80,-0.21691708663941617,-0.2938928849589957,3.2609049553661658,0.45,2.544365955606451,-2.7032344408753883
NQ,20,Sponsor Exhaustion Collapse,CompressionPressure,Train,69,-0.4168449083482269,-0.3071593533487298,2.3908736451197554,0.463768115942029,1.9994074649747822,-2.7535409460436373
NQ,20,Sponsor Exhaustion Collapse,CompressionPressure,Validation,75,-0.33654653833837717,0.025735294117647,3.402958578931648,0.5066666666666667,2.5674449704966933,-2.7230057962302854
NQ,20,Sponsor Exhaustion Collapse,DirectionalReleasePressure,Train,24,0.3841064324361503,-0.6830849141824751,4.1971304692756535,0.375,3.4907922636882294,-2.520875365507228
NQ,20,Sponsor Exhaustion Collapse,DirectionalReleasePressure,Validation,14,-0.058283437777104145,-0.3447532982536414,2.4630822391676936,0.42857142857142855,2.5050766198562506,-2.024050453963067
NQ,20,Sponsor Exhaustion Collapse,RotationalPressure,Train,733,-0.18805973329126371,-0.1434846266471449,3.2193636892658377,0.47885402455661663,2.453211622795782,-2.6615937739107967
NQ,20,Sponsor Exhaustion Collapse,RotationalPressure,Validation,478,-0.06729428545965249,-0.0890823211875843,3.296837624938695,0.4916317991631799,2.5247585174441998,-2.603355569045646
NQ,20,Stable Compression Basin,CompressionPressure,Train,1166,-0.028717556848656213,0.08450354445254304,3.8552638155228545,0.5114503816793893,2.738926987207737,-2.7474248831006167
NQ,20,Stable Compression Basin,CompressionPressure,Validation,758,0.18667584082288474,0.06208875389743031,3.281315843229742,0.5105540897097626,2.8154624713752416,-2.4164036352002
NQ,20,Stable Compression Basin,RotationalPressure,Train,353,-0.17679260503341546,0.1603053435114504,3.454518325819082,0.5155807365439093,2.4714423122735765,-2.7399245203481604
NQ,20,Stable Compression Basin,RotationalPressure,Validation,234,0.12334491367526619,0.0849268499969647,3.148679606778571,0.5128205128205128,2.7612137629495432,-2.425594634250548
NQ,20,Unstable Rotational Balance,CompressionPressure,Train,16,-1.4418381062058483,-1.556381458035532,3.1569509142359644,0.375,1.9387805846467925,-3.2652898421459615
NQ,20,Unstable Rotational Balance,CompressionPressure,Validation,25,0.1500303878392236,-0.4093567251461988,2.4297487912000517,0.48,2.7483987289660416,-2.965300015119397
NQ,20,Unstable Rotational Balance,RotationalPressure,Train,670,-0.029746422534936746,0.11825099262155855,3.910674753427019,0.5164179104477612,3.052887797912003,-2.9247650052702934
NQ,20,Unstable Rotational Balance,RotationalPressure,Validation,451,-0.030507909781650612,-0.0164319248826291,3.055149381908566,0.49223946784922396,2.5500388819835953,-2.461947474772474
