Instrument,HorizonBars,ResolvedArchetype,DominantPressure,Count,FutureDirectionalProbability,MeanDirectionalReleasePressure,MeanExhaustionPressure,MeanCompressionPressure,MeanRotationalPressure
6E,5,Directional Continuation / Sponsor Release,DirectionalReleasePressure,158,0.14556962025316456,0.5530961984551518,0.21811269338959213,0.35911885378233005,0.22872043932865185
6E,5,Directional Continuation / Sponsor Release,RotationalPressure,137,0.08029197080291971,0.2318150706290807,0.25322384428223843,0.13257802852176026,0.4901739804658098
6E,5,Pure Unresolved Compression Equilibrium,CompressionPressure,2645,0.07032136105860114,0.17626192353642156,0.022558286074354086,0.8046121022348939,0.23237686082941558
6E,5,Pure Unresolved Compression Equilibrium,RotationalPressure,120,0.041666666666666664,0.03837358769341707,0.07465277777777773,0.51979561580415,0.5702986780188083
6E,5,Sponsor Exhaustion Collapse,CompressionPressure,139,0.03597122302158273,0.19827771879515474,0.11578737010391688,0.4012427127442461,0.18891589308498657
6E,5,Unstable Rotational Balance,RotationalPressure,433,0.03464203233256351,0.06745725154553228,0.061149602258147244,0.13008571799319588,0.7513236719096239
6E,5,Stable Compression Basin,CompressionPressure,1300,0.027692307692307693,0.09193584842889169,0.051196581196581145,0.6334594818855066,0.4430574116913252
6E,5,Sponsor Exhaustion Collapse,RotationalPressure,731,0.012311901504787962,0.0880987359130638,0.15521396543113364,0.14308517367666343,0.4811230165245875
6E,5,Stable Compression Basin,RotationalPressure,344,0.011627906976744186,0.044966302785559305,0.08024870801033589,0.51932583639012,0.5804781126862599
6E,5,Directional Continuation / Sponsor Release,CompressionPressure,2,0.0,0.2747519510494643,0.2138888888888889,0.294871143402319,0.2540621092029942
6E,5,Sponsor Exhaustion Collapse,DirectionalReleasePressure,30,0.0,0.38978187067962555,0.13055555555555548,0.3237792395284377,0.3098282172060235
6E,5,Unstable Rotational Balance,CompressionPressure,23,0.0,0.23066037078305843,0.011473429951690747,0.4684184038335526,0.36917085228304886
6E,10,Directional Continuation / Sponsor Release,DirectionalReleasePressure,158,0.11392405063291139,0.5530961984551518,0.21811269338959213,0.35911885378233005,0.22872043932865185
6E,10,Unstable Rotational Balance,CompressionPressure,23,0.08695652173913043,0.23066037078305843,0.011473429951690747,0.4684184038335526,0.36917085228304886
6E,10,Pure Unresolved Compression Equilibrium,CompressionPressure,2641,0.0692919348731541,0.17641598369281353,0.02254512179729896,0.8049052965196303,0.23207101790513618
6E,10,Unstable Rotational Balance,RotationalPressure,433,0.04157043879907621,0.06745725154553228,0.061149602258147244,0.13008571799319588,0.7513236719096239
6E,10,Sponsor Exhaustion Collapse,DirectionalReleasePressure,30,0.03333333333333333,0.38978187067962555,0.13055555555555548,0.3237792395284377,0.3098282172060235
6E,10,Stable Compression Basin,CompressionPressure,1299,0.03233256351039261,0.09194218215875741,0.0512039175434094,0.6334788245710742,0.44303282155405904
6E,10,Stable Compression Basin,RotationalPressure,344,0.03197674418604651,0.044966302785559305,0.08024870801033589,0.51932583639012,0.5804781126862599
6E,10,Directional Continuation / Sponsor Release,RotationalPressure,137,0.029197080291970802,0.2318150706290807,0.25322384428223843,0.13257802852176026,0.4901739804658098
6E,10,Pure Unresolved Compression Equilibrium,RotationalPressure,120,0.016666666666666666,0.03837358769341707,0.07465277777777773,0.51979561580415,0.5702986780188083
6E,10,Sponsor Exhaustion Collapse,RotationalPressure,731,0.013679890560875513,0.0880987359130638,0.15521396543113364,0.14308517367666343,0.4811230165245875
6E,10,Sponsor Exhaustion Collapse,CompressionPressure,139,0.007194244604316547,0.19827771879515474,0.11578737010391688,0.4012427127442461,0.18891589308498657
6E,10,Directional Continuation / Sponsor Release,CompressionPressure,2,0.0,0.2747519510494643,0.2138888888888889,0.294871143402319,0.2540621092029942
6E,20,Unstable Rotational Balance,CompressionPressure,23,0.17391304347826086,0.23066037078305843,0.011473429951690747,0.4684184038335526,0.36917085228304886
6E,20,Directional Continuation / Sponsor Release,DirectionalReleasePressure,156,0.08974358974358974,0.555293120146759,0.21816684472934475,0.3602212747776716,0.22835481178242284
6E,20,Pure Unresolved Compression Equilibrium,CompressionPressure,2641,0.05831124574024991,0.17641598369281353,0.02254512179729896,0.8049052965196303,0.23207101790513618
6E,20,Unstable Rotational Balance,RotationalPressure,432,0.046296296296296294,0.06730052689348713,0.0612268518518518,0.1299214468354344,0.7516020965698066
6E,20,Directional Continuation / Sponsor Release,RotationalPressure,137,0.043795620437956206,0.2318150706290807,0.25322384428223843,0.13257802852176026,0.4901739804658098
6E,20,Stable Compression Basin,RotationalPressure,344,0.0436046511627907,0.044966302785559305,0.08024870801033589,0.51932583639012,0.5804781126862599
6E,20,Stable Compression Basin,CompressionPressure,1297,0.040092521202775636,0.09193868770821835,0.051218624175447564,0.6335175994226357,0.44298352752407294
6E,20,Pure Unresolved Compression Equilibrium,RotationalPressure,120,0.03333333333333333,0.03837358769341707,0.07465277777777773,0.51979561580415,0.5702986780188083
6E,20,Sponsor Exhaustion Collapse,DirectionalReleasePressure,30,0.03333333333333333,0.38978187067962555,0.13055555555555548,0.3237792395284377,0.3098282172060235
6E,20,Sponsor Exhaustion Collapse,RotationalPressure,726,0.027548209366391185,0.08786188202478179,0.15534552778870955,0.14286247967127916,0.4814240174132949
6E,20,Sponsor Exhaustion Collapse,CompressionPressure,139,0.014388489208633094,0.19827771879515474,0.11578737010391688,0.4012427127442461,0.18891589308498657
6E,20,Directional Continuation / Sponsor Release,CompressionPressure,2,0.0,0.2747519510494643,0.2138888888888889,0.294871143402319,0.2540621092029942
ES,5,Unstable Rotational Balance,CompressionPressure,10,0.2,0.23819115629511795,0.00972222222222216,0.48087033166948406,0.3509816169345835
ES,5,Directional Continuation / Sponsor Release,RotationalPressure,81,0.19753086419753085,0.24226306395206365,0.25195473251028805,0.1314755138628471,0.4882410512742737
ES,5,Directional Continuation / Sponsor Release,DirectionalReleasePressure,131,0.15267175572519084,0.5777225704857408,0.21965762450018175,0.3639332991195866,0.22808871278498888
ES,5,Pure Unresolved Compression Equilibrium,CompressionPressure,1408,0.09019886363636363,0.19357097207874377,0.01866319444444441,0.8360563854863585,0.19412205578511868
ES,5,Sponsor Exhaustion Collapse,DirectionalReleasePressure,20,0.05,0.38562738094482607,0.12986111111111104,0.3205097789088664,0.3118963293745229
ES,5,Stable Compression Basin,CompressionPressure,549,0.04553734061930783,0.09576594080284695,0.05001517911353971,0.6351231515799122,0.4370947739633251
ES,5,Stable Compression Basin,RotationalPressure,181,0.03314917127071823,0.04675840681488368,0.07974217311233882,0.5172649533336109,0.5793977093728775
ES,5,Pure Unresolved Compression Equilibrium,RotationalPressure,66,0.030303030303030304,0.0418153618624542,0.07579966329966327,0.5124033875438712,0.5747910055493132
ES,5,Sponsor Exhaustion Collapse,CompressionPressure,72,0.027777777777777776,0.2033252855984555,0.1150462962962963,0.397338951962458,0.18853820516843386
ES,5,Unstable Rotational Balance,RotationalPressure,322,0.024844720496894408,0.07792898548032239,0.05961007591442369,0.1393624018470506,0.7372876666892221
ES,5,Sponsor Exhaustion Collapse,RotationalPressure,300,0.016666666666666666,0.09704046240613552,0.15588888888888883,0.1409341442703903,0.48435549505363384
ES,10,Directional Continuation / Sponsor Release,RotationalPressure,81,0.16049382716049382,0.24226306395206365,0.25195473251028805,0.1314755138628471,0.4882410512742737
ES,10,Directional Continuation / Sponsor Release,DirectionalReleasePressure,131,0.11450381679389313,0.5777225704857408,0.21965762450018175,0.3639332991195866,0.22808871278498888
ES,10,Sponsor Exhaustion Collapse,DirectionalReleasePressure,20,0.1,0.38562738094482607,0.12986111111111104,0.3205097789088664,0.3118963293745229
ES,10,Pure Unresolved Compression Equilibrium,CompressionPressure,1408,0.08238636363636363,0.19357097207874377,0.01866319444444441,0.8360563854863585,0.19412205578511868
ES,10,Pure Unresolved Compression Equilibrium,RotationalPressure,66,0.06060606060606061,0.0418153618624542,0.07579966329966327,0.5124033875438712,0.5747910055493132
ES,10,Stable Compression Basin,CompressionPressure,546,0.056776556776556776,0.09575876254596098,0.0499592999592999,0.6351881668021412,0.437314045415135
ES,10,Stable Compression Basin,RotationalPressure,181,0.03867403314917127,0.04675840681488368,0.07974217311233882,0.5172649533336109,0.5793977093728775
ES,10,Sponsor Exhaustion Collapse,RotationalPressure,300,0.03666666666666667,0.09704046240613552,0.15588888888888883,0.1409341442703903,0.48435549505363384
ES,10,Unstable Rotational Balance,RotationalPressure,320,0.034375,0.07776412021178929,0.05959201388888884,0.13899811110121904,0.7378338680901776
ES,10,Sponsor Exhaustion Collapse,CompressionPressure,72,0.013888888888888888,0.2033252855984555,0.1150462962962963,0.397338951962458,0.18853820516843386
ES,10,Unstable Rotational Balance,CompressionPressure,10,0.0,0.23819115629511795,0.00972222222222216,0.48087033166948406,0.3509816169345835
ES,20,Pure Unresolved Compression Equilibrium,CompressionPressure,1408,0.07741477272727272,0.19357097207874377,0.01866319444444441,0.8360563854863585,0.19412205578511868
ES,20,Unstable Rotational Balance,RotationalPressure,314,0.0732484076433121,0.07720585740938665,0.05949221514508134,0.13748311532679763,0.7392133780264134
ES,20,Stable Compression Basin,RotationalPressure,181,0.06629834254143646,0.04675840681488368,0.07974217311233882,0.5172649533336109,0.5793977093728775
ES,20,Sponsor Exhaustion Collapse,RotationalPressure,300,0.06333333333333334,0.09704046240613552,0.15588888888888883,0.1409341442703903,0.48435549505363384
ES,20,Directional Continuation / Sponsor Release,RotationalPressure,81,0.06172839506172839,0.24226306395206365,0.25195473251028805,0.1314755138628471,0.4882410512742737
ES,20,Stable Compression Basin,CompressionPressure,542,0.06088560885608856,0.09587704157296352,0.04976424764247636,0.635376048720632,0.4370207503469964
ES,20,Sponsor Exhaustion Collapse,DirectionalReleasePressure,20,0.05,0.38562738094482607,0.12986111111111104,0.3205097789088664,0.3118963293745229
ES,20,Pure Unresolved Compression Equilibrium,RotationalPressure,66,0.045454545454545456,0.0418153618624542,0.07579966329966327,0.5124033875438712,0.5747910055493132
ES,20,Sponsor Exhaustion Collapse,CompressionPressure,72,0.027777777777777776,0.2033252855984555,0.1150462962962963,0.397338951962458,0.18853820516843386
ES,20,Directional Continuation / Sponsor Release,DirectionalReleasePressure,131,0.022900763358778626,0.5777225704857408,0.21965762450018175,0.3639332991195866,0.22808871278498888
ES,20,Unstable Rotational Balance,CompressionPressure,10,0.0,0.23819115629511795,0.00972222222222216,0.48087033166948406,0.3509816169345835
NQ,5,Directional Continuation / Sponsor Release,DirectionalReleasePressure,367,0.15803814713896458,0.5630372549423475,0.21657584014532244,0.3628537252345985,0.2223371206253175
NQ,5,Pure Unresolved Compression Equilibrium,CompressionPressure,3869,0.10131817006978547,0.18510637855189122,0.020533586054392428,0.8191357158401458,0.21433189269567168
NQ,5,Directional Continuation / Sponsor Release,RotationalPressure,243,0.06995884773662552,0.23356008425695474,0.2528692272519433,0.13491797780938164,0.48933828937269674
NQ,5,Unstable Rotational Balance,CompressionPressure,41,0.04878048780487805,0.2421243924624762,0.008807588075880703,0.4873738196308915,0.3414816041916087
NQ,5,Stable Compression Basin,CompressionPressure,1968,0.03861788617886179,0.09474316573077256,0.051709293134597954,0.6352782956944036,0.4407084402276722
NQ,5,Pure Unresolved Compression Equilibrium,RotationalPressure,193,0.031088082901554404,0.041534608612288845,0.07390616004605638,0.5192499924380745,0.5671601444863134
NQ,5,Unstable Rotational Balance,RotationalPressure,1147,0.02964254577157803,0.07983540989347307,0.058822532209628936,0.1521001852476201,0.7252355668808351
NQ,5,Sponsor Exhaustion Collapse,DirectionalReleasePressure,39,0.02564102564102564,0.38886894332759947,0.1295584045584045,0.320255391847769,0.3119408863675661
NQ,5,Stable Compression Basin,RotationalPressure,597,0.023450586264656615,0.04266504999471497,0.07942490228922386,0.5170602256754585,0.5786895451442704
NQ,5,Sponsor Exhaustion Collapse,RotationalPressure,1223,0.009811937857726901,0.08832750936063741,0.15640047242663754,0.14184293003052045,0.4833205725483068
NQ,5,Directional Continuation / Sponsor Release,CompressionPressure,2,0.0,0.30581220875694826,0.2138888888888889,0.3185063422114016,0.2442555800378718
NQ,5,Sponsor Exhaustion Collapse,CompressionPressure,144,0.0,0.2041412948240749,0.11784336419753084,0.4000586533711269,0.1911238027072285
NQ,10,Pure Unresolved Compression Equilibrium,CompressionPressure,3864,0.10377846790890269,0.1850962336696797,0.02054218426501031,0.8190999275150299,0.21436466881126684
NQ,10,Directional Continuation / Sponsor Release,RotationalPressure,243,0.053497942386831275,0.23356008425695474,0.2528692272519433,0.13491797780938164,0.48933828937269674
NQ,10,Sponsor Exhaustion Collapse,DirectionalReleasePressure,39,0.05128205128205128,0.38886894332759947,0.1295584045584045,0.320255391847769,0.3119408863675661
NQ,10,Unstable Rotational Balance,CompressionPressure,41,0.04878048780487805,0.2421243924624762,0.008807588075880703,0.4873738196308915,0.3414816041916087
NQ,10,Directional Continuation / Sponsor Release,DirectionalReleasePressure,367,0.043596730245231606,0.5630372549423475,0.21657584014532244,0.3628537252345985,0.2223371206253175
NQ,10,Stable Compression Basin,CompressionPressure,1968,0.042682926829268296,0.09474316573077256,0.051709293134597954,0.6352782956944036,0.4407084402276722
NQ,10,Unstable Rotational Balance,RotationalPressure,1147,0.03487358326068003,0.07983540989347307,0.058822532209628936,0.1521001852476201,0.7252355668808351
NQ,10,Sponsor Exhaustion Collapse,CompressionPressure,144,0.034722222222222224,0.2041412948240749,0.11784336419753084,0.4000586533711269,0.1911238027072285
NQ,10,Stable Compression Basin,RotationalPressure,597,0.031825795644891124,0.04266504999471497,0.07942490228922386,0.5170602256754585,0.5786895451442704
NQ,10,Pure Unresolved Compression Equilibrium,RotationalPressure,193,0.031088082901554404,0.041534608612288845,0.07390616004605638,0.5192499924380745,0.5671601444863134
NQ,10,Sponsor Exhaustion Collapse,RotationalPressure,1223,0.019623875715453803,0.08832750936063741,0.15640047242663754,0.14184293003052045,0.4833205725483068
NQ,10,Directional Continuation / Sponsor Release,CompressionPressure,2,0.0,0.30581220875694826,0.2138888888888889,0.3185063422114016,0.2442555800378718
NQ,20,Directional Continuation / Sponsor Release,DirectionalReleasePressure,367,0.07629427792915532,0.5630372549423475,0.21657584014532244,0.3628537252345985,0.2223371206253175
NQ,20,Pure Unresolved Compression Equilibrium,CompressionPressure,3859,0.07307592640580461,0.1852626367512442,0.020504016584607373,0.8194182727307068,0.21402511860483103
NQ,20,Stable Compression Basin,RotationalPressure,597,0.06867671691792294,0.04266504999471497,0.07942490228922386,0.5170602256754585,0.5786895451442704
NQ,20,Stable Compression Basin,CompressionPressure,1965,0.059541984732824425,0.09474660486289857,0.05169635284139095,0.6352859505250055,0.4407379348249069
NQ,20,Unstable Rotational Balance,RotationalPressure,1145,0.05327510917030567,0.0799073803199555,0.058791848617176075,0.15222967871336618,0.7251146106749796
NQ,20,Directional Continuation / Sponsor Release,RotationalPressure,243,0.04938271604938271,0.23356008425695474,0.2528692272519433,0.13491797780938164,0.48933828937269674
NQ,20,Unstable Rotational Balance,CompressionPressure,41,0.04878048780487805,0.2421243924624762,0.008807588075880703,0.4873738196308915,0.3414816041916087
NQ,20,Pure Unresolved Compression Equilibrium,RotationalPressure,193,0.046632124352331605,0.041534608612288845,0.07390616004605638,0.5192499924380745,0.5671601444863134
NQ,20,Sponsor Exhaustion Collapse,RotationalPressure,1223,0.044971381847914965,0.08832750936063741,0.15640047242663754,0.14184293003052045,0.4833205725483068
NQ,20,Sponsor Exhaustion Collapse,CompressionPressure,144,0.027777777777777776,0.2041412948240749,0.11784336419753084,0.4000586533711269,0.1911238027072285
NQ,20,Sponsor Exhaustion Collapse,DirectionalReleasePressure,39,0.02564102564102564,0.38886894332759947,0.1295584045584045,0.320255391847769,0.3119408863675661
NQ,20,Directional Continuation / Sponsor Release,CompressionPressure,2,0.0,0.30581220875694826,0.2138888888888889,0.3185063422114016,0.2442555800378718
